ENCODED_MCT,cluster,report_text
9218EE2A57,3,"매장명: 챔스*********
소속 군집: Cluster 3
[강점 요약]
- 충성 고객 강점: 단골 고객 비중이 군집 평균보다 높습니다.
- 배달 채널 강점: 배달 매출 비중이 군집 평균을 웃돌고 있습니다.
[개선 권장]
- 매출 둔화: 최근 매출 등급이 군집 평균보다 낮습니다. (단계: 심각)"
50BB2EA330,0,"매장명: 메가********
소속 군집: Cluster 0
[강점 요약]
- 충성 고객 강점: 단골 고객 비중이 군집 평균보다 높습니다.
[개선 권장]
- 매출 둔화: 최근 매출 등급이 군집 평균보다 낮습니다. (단계: 심각)"
61A3133822,3,"매장명: 낫띵***
소속 군집: Cluster 3
[강점 요약]
- 매출 호조: 최근 매출 등급이 군집 평균보다 높습니다.
[개선 권장]
- 충성 고객 약화: 단골 고객 비중이 낮아 재방문 유도가 필요합니다. (단계: 심각)"
FF3C3A8704,1,"매장명: 스페******
소속 군집: Cluster 1
[강점 요약]
- 배달 채널 강점: 배달 매출 비중이 군집 평균을 웃돌고 있습니다.
[개선 권장]
- 매출 둔화: 최근 매출 등급이 군집 평균보다 낮습니다. (단계: 관찰)"
B2781768EE,0,"매장명: 앙골******
소속 군집: Cluster 0
[강점 요약]
- 충성 고객 강점: 단골 고객 비중이 군집 평균보다 높습니다.
- 매출 호조: 최근 매출 등급이 군집 평균보다 높습니다.
[개선 권장]
- 긴급 개선 항목이 확인되지 않았습니다."
B95A7665A4,0,"매장명: 호말**
소속 군집: Cluster 0
[강점 요약]
- 배달 채널 강점: 배달 매출 비중이 군집 평균을 웃돌고 있습니다.
[개선 권장]
- 매출 둔화: 최근 매출 등급이 군집 평균보다 낮습니다. (단계: 관찰)"
9DE30019C9,0,"매장명: 성수*************
소속 군집: Cluster 0
[강점 요약]
- 충성 고객 강점: 단골 고객 비중이 군집 평균보다 높습니다.
- 배달 채널 강점: 배달 매출 비중이 군집 평균을 웃돌고 있습니다.
[개선 권장]
- 매출 둔화: 최근 매출 등급이 군집 평균보다 낮습니다. (단계: 관찰)"
FE826E7775,3,"매장명: 빽다*********
소속 군집: Cluster 3
[강점 요약]
- 두드러진 강점이 확인되지 않았습니다.
[개선 권장]
- 매출 둔화: 최근 매출 등급이 군집 평균보다 낮습니다. (단계: 심각)"
831DD29FAB,0,"매장명: 카페***
소속 군집: Cluster 0
[강점 요약]
- 충성 고객 강점: 단골 고객 비중이 군집 평균보다 높습니다.
- 매출 호조: 최근 매출 등급이 군집 평균보다 높습니다.
[개선 권장]
- 긴급 개선 항목이 확인되지 않았습니다."
8177FA0EF1,3,"매장명: 카페**
소속 군집: Cluster 3
[강점 요약]
- 두드러진 강점이 확인되지 않았습니다.
[개선 권장]
- 긴급 개선 항목이 확인되지 않았습니다."
756D7DCEEE,0,"매장명: 커피****
소속 군집: Cluster 0
[강점 요약]
- 매출 호조: 최근 매출 등급이 군집 평균보다 높습니다.
[개선 권장]
- 긴급 개선 항목이 확인되지 않았습니다."
8BA83008CB,0,"매장명: 주식******
소속 군집: Cluster 0
[강점 요약]
- 매출 호조: 최근 매출 등급이 군집 평균보다 높습니다.
[개선 권장]
- 긴급 개선 항목이 확인되지 않았습니다."
86129404BB,0,"매장명: 빽다********
소속 군집: Cluster 0
[강점 요약]
- 충성 고객 강점: 단골 고객 비중이 군집 평균보다 높습니다.
[개선 권장]
- 매출 둔화: 최근 매출 등급이 군집 평균보다 낮습니다. (단계: 관찰)"
FEC2FCF4DA,3,"매장명: 이디***********
소속 군집: Cluster 3
[강점 요약]
- 배달 채널 강점: 배달 매출 비중이 군집 평균을 웃돌고 있습니다.
[개선 권장]
- 긴급 개선 항목이 확인되지 않았습니다."
62DCAD38F6,1,"매장명: 어커*******
소속 군집: Cluster 1
[강점 요약]
- 두드러진 강점이 확인되지 않았습니다.
[개선 권장]
- 배달 채널 약점: 배달 채널 활용도가 낮습니다. (단계: 심각)
- 매출 둔화: 최근 매출 등급이 군집 평균보다 낮습니다. (단계: 관찰)"
DA38CBD132,0,"매장명: 너디******
소속 군집: Cluster 0
[강점 요약]
- 배달 채널 강점: 배달 매출 비중이 군집 평균을 웃돌고 있습니다.
- 매출 호조: 최근 매출 등급이 군집 평균보다 높습니다.
[개선 권장]
- 충성 고객 약화: 단골 고객 비중이 낮아 재방문 유도가 필요합니다. (단계: 주의)"
1CCF1F16FD,3,"매장명: 텐퍼*****
소속 군집: Cluster 3
[강점 요약]
- 충성 고객 강점: 단골 고객 비중이 군집 평균보다 높습니다.
[개선 권장]
- 긴급 개선 항목이 확인되지 않았습니다."
E4D0E6B1B0,0,"매장명: nan
소속 군집: Cluster 0
[강점 요약]
- 매출 호조: 최근 매출 등급이 군집 평균보다 높습니다.
[개선 권장]
- 충성 고객 약화: 단골 고객 비중이 낮아 재방문 유도가 필요합니다. (단계: 심각)"
8CA0382A69,2,"매장명: 카페****
소속 군집: Cluster 2
[강점 요약]
- 충성 고객 강점: 단골 고객 비중이 군집 평균보다 높습니다.
- 매출 호조: 최근 매출 등급이 군집 평균보다 높습니다.
[개선 권장]
- 신규 고객 유입 부족: 신규 고객 비중이 낮으니 외부 노출과 프로모션을 검토하세요. (단계: 심각)"
D5F0182675,3,"매장명: 정*
소속 군집: Cluster 3
[강점 요약]
- 신규 고객 유입 호조: 신규 고객 비중이 군집 평균보다 높습니다.
- 매출 호조: 최근 매출 등급이 군집 평균보다 높습니다.
[개선 권장]
- 충성 고객 약화: 단골 고객 비중이 낮아 재방문 유도가 필요합니다. (단계: 관찰)"
A92743CA52,0,"매장명: nan
소속 군집: Cluster 0
[강점 요약]
- 신규 고객 유입 호조: 신규 고객 비중이 군집 평균보다 높습니다.
[개선 권장]
- 충성 고객 약화: 단골 고객 비중이 낮아 재방문 유도가 필요합니다. (단계: 심각)
- 매출 둔화: 최근 매출 등급이 군집 평균보다 낮습니다. (단계: 심각)"
391836F1E0,0,"매장명: 하츠*****************
소속 군집: Cluster 0
[강점 요약]
- 매출 호조: 최근 매출 등급이 군집 평균보다 높습니다.
[개선 권장]
- 충성 고객 약화: 단골 고객 비중이 낮아 재방문 유도가 필요합니다. (단계: 주의)"
4AD953D850,3,"매장명: 빽다*********
소속 군집: Cluster 3
[강점 요약]
- 배달 채널 강점: 배달 매출 비중이 군집 평균을 웃돌고 있습니다.
[개선 권장]
- 매출 둔화: 최근 매출 등급이 군집 평균보다 낮습니다. (단계: 심각)"
36FA50BD7D,1,"매장명: 그릭****
소속 군집: Cluster 1
[강점 요약]
- 충성 고객 강점: 단골 고객 비중이 군집 평균보다 높습니다.
- 매출 호조: 최근 매출 등급이 군집 평균보다 높습니다.
[개선 권장]
- 신규 고객 유입 부족: 신규 고객 비중이 낮으니 외부 노출과 프로모션을 검토하세요. (단계: 관찰)
- 배달 채널 약점: 배달 채널 활용도가 낮습니다. (단계: 주의)"
AD57E72BC9,0,"매장명: 하루*******************
소속 군집: Cluster 0
[강점 요약]
- 두드러진 강점이 확인되지 않았습니다.
[개선 권장]
- 충성 고객 약화: 단골 고객 비중이 낮아 재방문 유도가 필요합니다. (단계: 관찰)
- 매출 둔화: 최근 매출 등급이 군집 평균보다 낮습니다. (단계: 심각)"
B0BF2F0AB2,2,"매장명: nan
소속 군집: Cluster 2
[강점 요약]
- 신규 고객 유입 호조: 신규 고객 비중이 군집 평균보다 높습니다.
[개선 권장]
- 충성 고객 약화: 단골 고객 비중이 낮아 재방문 유도가 필요합니다. (단계: 심각)
- 매출 둔화: 최근 매출 등급이 군집 평균보다 낮습니다. (단계: 심각)"
D3F29D0C95,0,"매장명: 브로*******************
소속 군집: Cluster 0
[강점 요약]
- 매출 호조: 최근 매출 등급이 군집 평균보다 높습니다.
[개선 권장]
- 긴급 개선 항목이 확인되지 않았습니다."
63135A8618,0,"매장명: 복고*********
소속 군집: Cluster 0
[강점 요약]
- 충성 고객 강점: 단골 고객 비중이 군집 평균보다 높습니다.
[개선 권장]
- 매출 둔화: 최근 매출 등급이 군집 평균보다 낮습니다. (단계: 관찰)"
9FBE5BF7CF,0,"매장명: 매머****************************
소속 군집: Cluster 0
[강점 요약]
- 충성 고객 강점: 단골 고객 비중이 군집 평균보다 높습니다.
- 매출 호조: 최근 매출 등급이 군집 평균보다 높습니다.
[개선 권장]
- 긴급 개선 항목이 확인되지 않았습니다."
CD4571800C,3,"매장명: 유*
소속 군집: Cluster 3
[강점 요약]
- 두드러진 강점이 확인되지 않았습니다.
[개선 권장]
- 긴급 개선 항목이 확인되지 않았습니다."
E4899A583F,0,"매장명: 브릭****
소속 군집: Cluster 0
[강점 요약]
- 배달 채널 강점: 배달 매출 비중이 군집 평균을 웃돌고 있습니다.
[개선 권장]
- 충성 고객 약화: 단골 고객 비중이 낮아 재방문 유도가 필요합니다. (단계: 관찰)
- 매출 둔화: 최근 매출 등급이 군집 평균보다 낮습니다. (단계: 관찰)"
CD14EDE90F,0,"매장명: 카페**
소속 군집: Cluster 0
[강점 요약]
- 충성 고객 강점: 단골 고객 비중이 군집 평균보다 높습니다.
- 매출 호조: 최근 매출 등급이 군집 평균보다 높습니다.
[개선 권장]
- 긴급 개선 항목이 확인되지 않았습니다."
5AD0940FDD,1,"매장명: 백억*******
소속 군집: Cluster 1
[강점 요약]
- 배달 채널 강점: 배달 매출 비중이 군집 평균을 웃돌고 있습니다.
[개선 권장]
- 매출 둔화: 최근 매출 등급이 군집 평균보다 낮습니다. (단계: 관찰)"
F1D42A1E4A,3,"매장명: 커농**
소속 군집: Cluster 3
[강점 요약]
- 충성 고객 강점: 단골 고객 비중이 군집 평균보다 높습니다.
- 배달 채널 강점: 배달 매출 비중이 군집 평균을 웃돌고 있습니다.
[개선 권장]
- 긴급 개선 항목이 확인되지 않았습니다."
08D893CAA8,3,"매장명: 응봉**
소속 군집: Cluster 3
[강점 요약]
- 매출 호조: 최근 매출 등급이 군집 평균보다 높습니다.
[개선 권장]
- 긴급 개선 항목이 확인되지 않았습니다."
A50A5265C1,3,"매장명: 스윗***
소속 군집: Cluster 3
[강점 요약]
- 매출 호조: 최근 매출 등급이 군집 평균보다 높습니다.
[개선 권장]
- 긴급 개선 항목이 확인되지 않았습니다."
16FA1843AE,0,"매장명: 차일**
소속 군집: Cluster 0
[강점 요약]
- 두드러진 강점이 확인되지 않았습니다.
[개선 권장]
- 충성 고객 약화: 단골 고객 비중이 낮아 재방문 유도가 필요합니다. (단계: 주의)
- 매출 둔화: 최근 매출 등급이 군집 평균보다 낮습니다. (단계: 관찰)"
5F0B05E1D7,0,"매장명: 바나********
소속 군집: Cluster 0
[강점 요약]
- 충성 고객 강점: 단골 고객 비중이 군집 평균보다 높습니다.
[개선 권장]
- 매출 둔화: 최근 매출 등급이 군집 평균보다 낮습니다. (단계: 관찰)"
7439039EF1,0,"매장명: 나인***********
소속 군집: Cluster 0
[강점 요약]
- 두드러진 강점이 확인되지 않았습니다.
[개선 권장]
- 매출 둔화: 최근 매출 등급이 군집 평균보다 낮습니다. (단계: 심각)"
A4A1BC46DF,0,"매장명: nan
소속 군집: Cluster 0
[강점 요약]
- 매출 호조: 최근 매출 등급이 군집 평균보다 높습니다.
[개선 권장]
- 충성 고객 약화: 단골 고객 비중이 낮아 재방문 유도가 필요합니다. (단계: 심각)"
DA5B732423,0,"매장명: 셀렉***********
소속 군집: Cluster 0
[강점 요약]
- 충성 고객 강점: 단골 고객 비중이 군집 평균보다 높습니다.
[개선 권장]
- 매출 둔화: 최근 매출 등급이 군집 평균보다 낮습니다. (단계: 관찰)"
4F374EBA09,0,"매장명: 아뜰***
소속 군집: Cluster 0
[강점 요약]
- 매출 호조: 최근 매출 등급이 군집 평균보다 높습니다.
[개선 권장]
- 충성 고객 약화: 단골 고객 비중이 낮아 재방문 유도가 필요합니다. (단계: 주의)"
0C074FD60A,0,"매장명: 사운*******
소속 군집: Cluster 0
[강점 요약]
- 두드러진 강점이 확인되지 않았습니다.
[개선 권장]
- 충성 고객 약화: 단골 고객 비중이 낮아 재방문 유도가 필요합니다. (단계: 주의)
- 매출 둔화: 최근 매출 등급이 군집 평균보다 낮습니다. (단계: 관찰)"
7829A485F0,3,"매장명: 원스**
소속 군집: Cluster 3
[강점 요약]
- 두드러진 강점이 확인되지 않았습니다.
[개선 권장]
- 긴급 개선 항목이 확인되지 않았습니다."
11191365FD,1,"매장명: nan
소속 군집: Cluster 1
[강점 요약]
- 신규 고객 유입 호조: 신규 고객 비중이 군집 평균보다 높습니다.
- 배달 채널 강점: 배달 매출 비중이 군집 평균을 웃돌고 있습니다.
- 매출 호조: 최근 매출 등급이 군집 평균보다 높습니다.
[개선 권장]
- 충성 고객 약화: 단골 고객 비중이 낮아 재방문 유도가 필요합니다. (단계: 심각)"
9DA9844737,2,"매장명: nan
소속 군집: Cluster 2
[강점 요약]
- 신규 고객 유입 호조: 신규 고객 비중이 군집 평균보다 높습니다.
- 매출 호조: 최근 매출 등급이 군집 평균보다 높습니다.
[개선 권장]
- 충성 고객 약화: 단골 고객 비중이 낮아 재방문 유도가 필요합니다. (단계: 주의)"
6A584E1D14,3,"매장명: 미니**
소속 군집: Cluster 3
[강점 요약]
- 두드러진 강점이 확인되지 않았습니다.
[개선 권장]
- 긴급 개선 항목이 확인되지 않았습니다."
9A9ADB69FB,3,"매장명: 미닛*****
소속 군집: Cluster 3
[강점 요약]
- 두드러진 강점이 확인되지 않았습니다.
[개선 권장]
- 긴급 개선 항목이 확인되지 않았습니다."
FC6E670F70,2,"매장명: 커피**
소속 군집: Cluster 2
[강점 요약]
- 충성 고객 강점: 단골 고객 비중이 군집 평균보다 높습니다.
- 매출 호조: 최근 매출 등급이 군집 평균보다 높습니다.
[개선 권장]
- 긴급 개선 항목이 확인되지 않았습니다."
45F19425EF,3,"매장명: 카페***
소속 군집: Cluster 3
[강점 요약]
- 두드러진 강점이 확인되지 않았습니다.
[개선 권장]
- 긴급 개선 항목이 확인되지 않았습니다."
37AA28CAF8,0,"매장명: nan
소속 군집: Cluster 0
[강점 요약]
- 신규 고객 유입 호조: 신규 고객 비중이 군집 평균보다 높습니다.
[개선 권장]
- 충성 고객 약화: 단골 고객 비중이 낮아 재방문 유도가 필요합니다. (단계: 심각)
- 매출 둔화: 최근 매출 등급이 군집 평균보다 낮습니다. (단계: 심각)"
770CC873E4,0,"매장명: nan
소속 군집: Cluster 0
[강점 요약]
- 매출 호조: 최근 매출 등급이 군집 평균보다 높습니다.
[개선 권장]
- 충성 고객 약화: 단골 고객 비중이 낮아 재방문 유도가 필요합니다. (단계: 심각)"
A1886B3C8E,3,"매장명: 컨티*************************
소속 군집: Cluster 3
[강점 요약]
- 충성 고객 강점: 단골 고객 비중이 군집 평균보다 높습니다.
- 배달 채널 강점: 배달 매출 비중이 군집 평균을 웃돌고 있습니다.
[개선 권장]
- 긴급 개선 항목이 확인되지 않았습니다."
0DE3499749,1,"매장명: 카페*********
소속 군집: Cluster 1
[강점 요약]
- 충성 고객 강점: 단골 고객 비중이 군집 평균보다 높습니다.
- 매출 호조: 최근 매출 등급이 군집 평균보다 높습니다.
[개선 권장]
- 신규 고객 유입 부족: 신규 고객 비중이 낮으니 외부 노출과 프로모션을 검토하세요. (단계: 관찰)
- 배달 채널 약점: 배달 채널 활용도가 낮습니다. (단계: 심각)"
312F1E6B7B,0,"매장명: 에이*********
소속 군집: Cluster 0
[강점 요약]
- 매출 호조: 최근 매출 등급이 군집 평균보다 높습니다.
[개선 권장]
- 긴급 개선 항목이 확인되지 않았습니다."
502658D9C9,1,"매장명: nan
소속 군집: Cluster 1
[강점 요약]
- 배달 채널 강점: 배달 매출 비중이 군집 평균을 웃돌고 있습니다.
- 매출 호조: 최근 매출 등급이 군집 평균보다 높습니다.
[개선 권장]
- 충성 고객 약화: 단골 고객 비중이 낮아 재방문 유도가 필요합니다. (단계: 주의)"
69756C0A85,3,"매장명: 테라**
소속 군집: Cluster 3
[강점 요약]
- 매출 호조: 최근 매출 등급이 군집 평균보다 높습니다.
[개선 권장]
- 긴급 개선 항목이 확인되지 않았습니다."
4C8487EFAE,0,"매장명: nan
소속 군집: Cluster 0
[강점 요약]
- 두드러진 강점이 확인되지 않았습니다.
[개선 권장]
- 충성 고객 약화: 단골 고객 비중이 낮아 재방문 유도가 필요합니다. (단계: 심각)
- 매출 둔화: 최근 매출 등급이 군집 평균보다 낮습니다. (단계: 관찰)"
17FCA23DD7,1,"매장명: 카페****
소속 군집: Cluster 1
[강점 요약]
- 충성 고객 강점: 단골 고객 비중이 군집 평균보다 높습니다.
[개선 권장]
- 신규 고객 유입 부족: 신규 고객 비중이 낮으니 외부 노출과 프로모션을 검토하세요. (단계: 관찰)
- 배달 채널 약점: 배달 채널 활용도가 낮습니다. (단계: 심각)
- 매출 둔화: 최근 매출 등급이 군집 평균보다 낮습니다. (단계: 관찰)"
64477AD191,3,"매장명: 커피**
소속 군집: Cluster 3
[강점 요약]
- 매출 호조: 최근 매출 등급이 군집 평균보다 높습니다.
[개선 권장]
- 신규 고객 유입 부족: 신규 고객 비중이 낮으니 외부 노출과 프로모션을 검토하세요. (단계: 관찰)"
0C02E54954,3,"매장명: 컴포*********
소속 군집: Cluster 3
[강점 요약]
- 두드러진 강점이 확인되지 않았습니다.
[개선 권장]
- 긴급 개선 항목이 확인되지 않았습니다."
085F6E716F,3,"매장명: 그레**
소속 군집: Cluster 3
[강점 요약]
- 신규 고객 유입 호조: 신규 고객 비중이 군집 평균보다 높습니다.
- 매출 호조: 최근 매출 등급이 군집 평균보다 높습니다.
[개선 권장]
- 긴급 개선 항목이 확인되지 않았습니다."
82090124F0,1,"매장명: 백억******
소속 군집: Cluster 1
[강점 요약]
- 두드러진 강점이 확인되지 않았습니다.
[개선 권장]
- 배달 채널 약점: 배달 채널 활용도가 낮습니다. (단계: 심각)
- 매출 둔화: 최근 매출 등급이 군집 평균보다 낮습니다. (단계: 심각)"
1C0AE3E10C,0,"매장명: 하우***
소속 군집: Cluster 0
[강점 요약]
- 매출 호조: 최근 매출 등급이 군집 평균보다 높습니다.
[개선 권장]
- 충성 고객 약화: 단골 고객 비중이 낮아 재방문 유도가 필요합니다. (단계: 주의)"
623E90D289,2,"매장명: nan
소속 군집: Cluster 2
[강점 요약]
- 충성 고객 강점: 단골 고객 비중이 군집 평균보다 높습니다.
- 배달 채널 강점: 배달 매출 비중이 군집 평균을 웃돌고 있습니다.
- 매출 호조: 최근 매출 등급이 군집 평균보다 높습니다.
[개선 권장]
- 신규 고객 유입 부족: 신규 고객 비중이 낮으니 외부 노출과 프로모션을 검토하세요. (단계: 주의)"
77B5670808,0,"매장명: 앨*
소속 군집: Cluster 0
[강점 요약]
- 충성 고객 강점: 단골 고객 비중이 군집 평균보다 높습니다.
[개선 권장]
- 매출 둔화: 최근 매출 등급이 군집 평균보다 낮습니다. (단계: 심각)"
808E997108,1,"매장명: 글루*
소속 군집: Cluster 1
[강점 요약]
- 신규 고객 유입 호조: 신규 고객 비중이 군집 평균보다 높습니다.
- 매출 호조: 최근 매출 등급이 군집 평균보다 높습니다.
[개선 권장]
- 충성 고객 약화: 단골 고객 비중이 낮아 재방문 유도가 필요합니다. (단계: 관찰)
- 배달 채널 약점: 배달 채널 활용도가 낮습니다. (단계: 심각)"
C6363F8E19,3,"매장명: 메가*********
소속 군집: Cluster 3
[강점 요약]
- 배달 채널 강점: 배달 매출 비중이 군집 평균을 웃돌고 있습니다.
[개선 권장]
- 매출 둔화: 최근 매출 등급이 군집 평균보다 낮습니다. (단계: 심각)"
2BE371C2DE,2,"매장명: 카스**************
소속 군집: Cluster 2
[강점 요약]
- 매출 호조: 최근 매출 등급이 군집 평균보다 높습니다.
[개선 권장]
- 신규 고객 유입 부족: 신규 고객 비중이 낮으니 외부 노출과 프로모션을 검토하세요. (단계: 관찰)"
B7C6FE8E60,3,"매장명: 희낭**
소속 군집: Cluster 3
[강점 요약]
- 매출 호조: 최근 매출 등급이 군집 평균보다 높습니다.
[개선 권장]
- 충성 고객 약화: 단골 고객 비중이 낮아 재방문 유도가 필요합니다. (단계: 주의)
- 신규 고객 유입 부족: 신규 고객 비중이 낮으니 외부 노출과 프로모션을 검토하세요. (단계: 관찰)"
E61969DA0F,0,"매장명: 컴포*******
소속 군집: Cluster 0
[강점 요약]
- 충성 고객 강점: 단골 고객 비중이 군집 평균보다 높습니다.
[개선 권장]
- 매출 둔화: 최근 매출 등급이 군집 평균보다 낮습니다. (단계: 관찰)"
0AF7BD60A5,3,"매장명: 카페***
소속 군집: Cluster 3
[강점 요약]
- 매출 호조: 최근 매출 등급이 군집 평균보다 높습니다.
[개선 권장]
- 충성 고객 약화: 단골 고객 비중이 낮아 재방문 유도가 필요합니다. (단계: 관찰)"
8C96D7ED90,0,"매장명: 까사*****
소속 군집: Cluster 0
[강점 요약]
- 매출 호조: 최근 매출 등급이 군집 평균보다 높습니다.
[개선 권장]
- 긴급 개선 항목이 확인되지 않았습니다."
7CD2C4CE8C,3,"매장명: 오똔*
소속 군집: Cluster 3
[강점 요약]
- 매출 호조: 최근 매출 등급이 군집 평균보다 높습니다.
[개선 권장]
- 긴급 개선 항목이 확인되지 않았습니다."
ED35FCD6A1,0,"매장명: 테이********************
소속 군집: Cluster 0
[강점 요약]
- 충성 고객 강점: 단골 고객 비중이 군집 평균보다 높습니다.
- 배달 채널 강점: 배달 매출 비중이 군집 평균을 웃돌고 있습니다.
[개선 권장]
- 매출 둔화: 최근 매출 등급이 군집 평균보다 낮습니다. (단계: 심각)"
0220D6AA93,0,"매장명: 프롬***************
소속 군집: Cluster 0
[강점 요약]
- 두드러진 강점이 확인되지 않았습니다.
[개선 권장]
- 매출 둔화: 최근 매출 등급이 군집 평균보다 낮습니다. (단계: 심각)"
33706FFD69,3,"매장명: 개인**
소속 군집: Cluster 3
[강점 요약]
- 두드러진 강점이 확인되지 않았습니다.
[개선 권장]
- 충성 고객 약화: 단골 고객 비중이 낮아 재방문 유도가 필요합니다. (단계: 관찰)"
132078A4FE,0,"매장명: nan
소속 군집: Cluster 0
[강점 요약]
- 매출 호조: 최근 매출 등급이 군집 평균보다 높습니다.
[개선 권장]
- 충성 고객 약화: 단골 고객 비중이 낮아 재방문 유도가 필요합니다. (단계: 관찰)"
5BB5DF8D62,3,"매장명: 달다*****
소속 군집: Cluster 3
[강점 요약]
- 충성 고객 강점: 단골 고객 비중이 군집 평균보다 높습니다.
[개선 권장]
- 매출 둔화: 최근 매출 등급이 군집 평균보다 낮습니다. (단계: 심각)"
929615BC0A,0,"매장명: 빽다*******
소속 군집: Cluster 0
[강점 요약]
- 배달 채널 강점: 배달 매출 비중이 군집 평균을 웃돌고 있습니다.
[개선 권장]
- 매출 둔화: 최근 매출 등급이 군집 평균보다 낮습니다. (단계: 관찰)"
06A87DAA45,0,"매장명: nan
소속 군집: Cluster 0
[강점 요약]
- 충성 고객 강점: 단골 고객 비중이 군집 평균보다 높습니다.
[개선 권장]
- 매출 둔화: 최근 매출 등급이 군집 평균보다 낮습니다. (단계: 관찰)"
13C3C13D99,3,"매장명: 동네**
소속 군집: Cluster 3
[강점 요약]
- 매출 호조: 최근 매출 등급이 군집 평균보다 높습니다.
[개선 권장]
- 긴급 개선 항목이 확인되지 않았습니다."
B5E96D7BB4,0,"매장명: 오잉********
소속 군집: Cluster 0
[강점 요약]
- 충성 고객 강점: 단골 고객 비중이 군집 평균보다 높습니다.
[개선 권장]
- 매출 둔화: 최근 매출 등급이 군집 평균보다 낮습니다. (단계: 관찰)"
01EDD97C21,3,"매장명: 일카*
소속 군집: Cluster 3
[강점 요약]
- 배달 채널 강점: 배달 매출 비중이 군집 평균을 웃돌고 있습니다.
[개선 권장]
- 긴급 개선 항목이 확인되지 않았습니다."
75E1602760,3,"매장명: 오저*
소속 군집: Cluster 3
[강점 요약]
- 충성 고객 강점: 단골 고객 비중이 군집 평균보다 높습니다.
- 매출 호조: 최근 매출 등급이 군집 평균보다 높습니다.
[개선 권장]
- 긴급 개선 항목이 확인되지 않았습니다."
85C6B72386,2,"매장명: 메가***************
소속 군집: Cluster 2
[강점 요약]
- 충성 고객 강점: 단골 고객 비중이 군집 평균보다 높습니다.
[개선 권장]
- 신규 고객 유입 부족: 신규 고객 비중이 낮으니 외부 노출과 프로모션을 검토하세요. (단계: 심각)
- 매출 둔화: 최근 매출 등급이 군집 평균보다 낮습니다. (단계: 심각)"
18FC952F28,3,"매장명: 카페***
소속 군집: Cluster 3
[강점 요약]
- 매출 호조: 최근 매출 등급이 군집 평균보다 높습니다.
[개선 권장]
- 충성 고객 약화: 단골 고객 비중이 낮아 재방문 유도가 필요합니다. (단계: 관찰)"
F8A788D183,3,"매장명: 본지*****
소속 군집: Cluster 3
[강점 요약]
- 매출 호조: 최근 매출 등급이 군집 평균보다 높습니다.
[개선 권장]
- 충성 고객 약화: 단골 고객 비중이 낮아 재방문 유도가 필요합니다. (단계: 관찰)"
30623F3257,3,"매장명: 카페****
소속 군집: Cluster 3
[강점 요약]
- 충성 고객 강점: 단골 고객 비중이 군집 평균보다 높습니다.
- 매출 호조: 최근 매출 등급이 군집 평균보다 높습니다.
[개선 권장]
- 긴급 개선 항목이 확인되지 않았습니다."
9DE5AC9FFD,0,"매장명: 빽다**********
소속 군집: Cluster 0
[강점 요약]
- 충성 고객 강점: 단골 고객 비중이 군집 평균보다 높습니다.
[개선 권장]
- 매출 둔화: 최근 매출 등급이 군집 평균보다 낮습니다. (단계: 관찰)"
7D812F3CC3,3,"매장명: 메가***********
소속 군집: Cluster 3
[강점 요약]
- 충성 고객 강점: 단골 고객 비중이 군집 평균보다 높습니다.
[개선 권장]
- 매출 둔화: 최근 매출 등급이 군집 평균보다 낮습니다. (단계: 심각)"
0CB94CB82A,0,"매장명: nan
소속 군집: Cluster 0
[강점 요약]
- 충성 고객 강점: 단골 고객 비중이 군집 평균보다 높습니다.
- 매출 호조: 최근 매출 등급이 군집 평균보다 높습니다.
[개선 권장]
- 신규 고객 유입 부족: 신규 고객 비중이 낮으니 외부 노출과 프로모션을 검토하세요. (단계: 관찰)"
613B8B6375,0,"매장명: 그라*****
소속 군집: Cluster 0
[강점 요약]
- 매출 호조: 최근 매출 등급이 군집 평균보다 높습니다.
[개선 권장]
- 긴급 개선 항목이 확인되지 않았습니다."
CED8E4AEE5,3,"매장명: 이도**
소속 군집: Cluster 3
[강점 요약]
- 두드러진 강점이 확인되지 않았습니다.
[개선 권장]
- 충성 고객 약화: 단골 고객 비중이 낮아 재방문 유도가 필요합니다. (단계: 관찰)"
0C1B547B6E,0,"매장명: 에젤**
소속 군집: Cluster 0
[강점 요약]
- 두드러진 강점이 확인되지 않았습니다.
[개선 권장]
- 매출 둔화: 최근 매출 등급이 군집 평균보다 낮습니다. (단계: 관찰)"
02A32AE992,0,"매장명: 카페**
소속 군집: Cluster 0
[강점 요약]
- 신규 고객 유입 호조: 신규 고객 비중이 군집 평균보다 높습니다.
- 배달 채널 강점: 배달 매출 비중이 군집 평균을 웃돌고 있습니다.
- 매출 호조: 최근 매출 등급이 군집 평균보다 높습니다.
[개선 권장]
- 충성 고객 약화: 단골 고객 비중이 낮아 재방문 유도가 필요합니다. (단계: 관찰)"
502C539374,3,"매장명: 좋은*******
소속 군집: Cluster 3
[강점 요약]
- 매출 호조: 최근 매출 등급이 군집 평균보다 높습니다.
[개선 권장]
- 충성 고객 약화: 단골 고객 비중이 낮아 재방문 유도가 필요합니다. (단계: 심각)"
EE0678A190,0,"매장명: 예쓰******
소속 군집: Cluster 0
[강점 요약]
- 두드러진 강점이 확인되지 않았습니다.
[개선 권장]
- 충성 고객 약화: 단골 고객 비중이 낮아 재방문 유도가 필요합니다. (단계: 관찰)
- 매출 둔화: 최근 매출 등급이 군집 평균보다 낮습니다. (단계: 관찰)"
30262EF19E,0,"매장명: 하이************
소속 군집: Cluster 0
[강점 요약]
- 신규 고객 유입 호조: 신규 고객 비중이 군집 평균보다 높습니다.
- 매출 호조: 최근 매출 등급이 군집 평균보다 높습니다.
[개선 권장]
- 충성 고객 약화: 단골 고객 비중이 낮아 재방문 유도가 필요합니다. (단계: 심각)"
0FA542A8DB,3,"매장명: 대지**
소속 군집: Cluster 3
[강점 요약]
- 신규 고객 유입 호조: 신규 고객 비중이 군집 평균보다 높습니다.
- 매출 호조: 최근 매출 등급이 군집 평균보다 높습니다.
[개선 권장]
- 충성 고객 약화: 단골 고객 비중이 낮아 재방문 유도가 필요합니다. (단계: 심각)"
46F56D0D63,3,"매장명: 메가************
소속 군집: Cluster 3
[강점 요약]
- 배달 채널 강점: 배달 매출 비중이 군집 평균을 웃돌고 있습니다.
[개선 권장]
- 매출 둔화: 최근 매출 등급이 군집 평균보다 낮습니다. (단계: 심각)"
F4013DE365,3,"매장명: 심재**
소속 군집: Cluster 3
[강점 요약]
- 충성 고객 강점: 단골 고객 비중이 군집 평균보다 높습니다.
[개선 권장]
- 매출 둔화: 최근 매출 등급이 군집 평균보다 낮습니다. (단계: 심각)"
3456938AFA,3,"매장명: 이디*********
소속 군집: Cluster 3
[강점 요약]
- 두드러진 강점이 확인되지 않았습니다.
[개선 권장]
- 긴급 개선 항목이 확인되지 않았습니다."
32514851CD,3,"매장명: 카페****
소속 군집: Cluster 3
[강점 요약]
- 매출 호조: 최근 매출 등급이 군집 평균보다 높습니다.
[개선 권장]
- 충성 고객 약화: 단골 고객 비중이 낮아 재방문 유도가 필요합니다. (단계: 주의)"
BE0A7DD7AB,1,"매장명: 더벤*
소속 군집: Cluster 1
[강점 요약]
- 충성 고객 강점: 단골 고객 비중이 군집 평균보다 높습니다.
- 매출 호조: 최근 매출 등급이 군집 평균보다 높습니다.
[개선 권장]
- 신규 고객 유입 부족: 신규 고객 비중이 낮으니 외부 노출과 프로모션을 검토하세요. (단계: 관찰)
- 배달 채널 약점: 배달 채널 활용도가 낮습니다. (단계: 주의)"
5A5B5CC478,0,"매장명: 파머***
소속 군집: Cluster 0
[강점 요약]
- 두드러진 강점이 확인되지 않았습니다.
[개선 권장]
- 충성 고객 약화: 단골 고객 비중이 낮아 재방문 유도가 필요합니다. (단계: 주의)
- 매출 둔화: 최근 매출 등급이 군집 평균보다 낮습니다. (단계: 심각)"
4EE6193540,3,"매장명: 커피***
소속 군집: Cluster 3
[강점 요약]
- 충성 고객 강점: 단골 고객 비중이 군집 평균보다 높습니다.
[개선 권장]
- 긴급 개선 항목이 확인되지 않았습니다."
9A27CDDD2A,0,"매장명: nan
소속 군집: Cluster 0
[강점 요약]
- 충성 고객 강점: 단골 고객 비중이 군집 평균보다 높습니다.
- 매출 호조: 최근 매출 등급이 군집 평균보다 높습니다.
[개선 권장]
- 신규 고객 유입 부족: 신규 고객 비중이 낮으니 외부 노출과 프로모션을 검토하세요. (단계: 관찰)"
5FCE089938,3,"매장명: 이디******
소속 군집: Cluster 3
[강점 요약]
- 두드러진 강점이 확인되지 않았습니다.
[개선 권장]
- 긴급 개선 항목이 확인되지 않았습니다."
41A48AF8FE,2,"매장명: 모리********
소속 군집: Cluster 2
[강점 요약]
- 충성 고객 강점: 단골 고객 비중이 군집 평균보다 높습니다.
- 배달 채널 강점: 배달 매출 비중이 군집 평균을 웃돌고 있습니다.
[개선 권장]
- 신규 고객 유입 부족: 신규 고객 비중이 낮으니 외부 노출과 프로모션을 검토하세요. (단계: 심각)
- 매출 둔화: 최근 매출 등급이 군집 평균보다 낮습니다. (단계: 관찰)"
57DEE6D415,3,"매장명: 오씨******************************
소속 군집: Cluster 3
[강점 요약]
- 매출 호조: 최근 매출 등급이 군집 평균보다 높습니다.
[개선 권장]
- 충성 고객 약화: 단골 고객 비중이 낮아 재방문 유도가 필요합니다. (단계: 관찰)"
BCA89C9A13,0,"매장명: 커피*******
소속 군집: Cluster 0
[강점 요약]
- 충성 고객 강점: 단골 고객 비중이 군집 평균보다 높습니다.
- 배달 채널 강점: 배달 매출 비중이 군집 평균을 웃돌고 있습니다.
- 매출 호조: 최근 매출 등급이 군집 평균보다 높습니다.
[개선 권장]
- 신규 고객 유입 부족: 신규 고객 비중이 낮으니 외부 노출과 프로모션을 검토하세요. (단계: 관찰)"
BF95976F07,0,"매장명: 파트**********
소속 군집: Cluster 0
[강점 요약]
- 신규 고객 유입 호조: 신규 고객 비중이 군집 평균보다 높습니다.
- 매출 호조: 최근 매출 등급이 군집 평균보다 높습니다.
[개선 권장]
- 긴급 개선 항목이 확인되지 않았습니다."
80012F987D,0,"매장명: 타로*******
소속 군집: Cluster 0
[강점 요약]
- 신규 고객 유입 호조: 신규 고객 비중이 군집 평균보다 높습니다.
- 매출 호조: 최근 매출 등급이 군집 평균보다 높습니다.
[개선 권장]
- 충성 고객 약화: 단골 고객 비중이 낮아 재방문 유도가 필요합니다. (단계: 관찰)"
9E3E2C654F,3,"매장명: nan
소속 군집: Cluster 3
[강점 요약]
- 두드러진 강점이 확인되지 않았습니다.
[개선 권장]
- 충성 고객 약화: 단골 고객 비중이 낮아 재방문 유도가 필요합니다. (단계: 심각)"
BA3F65BE47,0,"매장명: 츄로************************
소속 군집: Cluster 0
[강점 요약]
- 충성 고객 강점: 단골 고객 비중이 군집 평균보다 높습니다.
- 배달 채널 강점: 배달 매출 비중이 군집 평균을 웃돌고 있습니다.
- 매출 호조: 최근 매출 등급이 군집 평균보다 높습니다.
[개선 권장]
- 긴급 개선 항목이 확인되지 않았습니다."
EAD182F319,3,"매장명: nan
소속 군집: Cluster 3
[강점 요약]
- 충성 고객 강점: 단골 고객 비중이 군집 평균보다 높습니다.
[개선 권장]
- 긴급 개선 항목이 확인되지 않았습니다."
3FEEF8EC29,0,"매장명: 헨리****
소속 군집: Cluster 0
[강점 요약]
- 매출 호조: 최근 매출 등급이 군집 평균보다 높습니다.
[개선 권장]
- 충성 고객 약화: 단골 고객 비중이 낮아 재방문 유도가 필요합니다. (단계: 심각)"
BA9B0547FD,0,"매장명: 투썸**********
소속 군집: Cluster 0
[강점 요약]
- 충성 고객 강점: 단골 고객 비중이 군집 평균보다 높습니다.
[개선 권장]
- 매출 둔화: 최근 매출 등급이 군집 평균보다 낮습니다. (단계: 심각)"
1C69DD5AFC,0,"매장명: 빽다********
소속 군집: Cluster 0
[강점 요약]
- 충성 고객 강점: 단골 고객 비중이 군집 평균보다 높습니다.
[개선 권장]
- 매출 둔화: 최근 매출 등급이 군집 평균보다 낮습니다. (단계: 관찰)"
B3DAD00A6C,2,"매장명: 서브***********************
소속 군집: Cluster 2
[강점 요약]
- 매출 호조: 최근 매출 등급이 군집 평균보다 높습니다.
[개선 권장]
- 충성 고객 약화: 단골 고객 비중이 낮아 재방문 유도가 필요합니다. (단계: 관찰)"
61574AF3E1,0,"매장명: 공유************
소속 군집: Cluster 0
[강점 요약]
- 충성 고객 강점: 단골 고객 비중이 군집 평균보다 높습니다.
- 매출 호조: 최근 매출 등급이 군집 평균보다 높습니다.
[개선 권장]
- 긴급 개선 항목이 확인되지 않았습니다."
4BA62EBC13,3,"매장명: 안느*****************
소속 군집: Cluster 3
[강점 요약]
- 매출 호조: 최근 매출 등급이 군집 평균보다 높습니다.
[개선 권장]
- 충성 고객 약화: 단골 고객 비중이 낮아 재방문 유도가 필요합니다. (단계: 심각)"
53A8784B97,0,"매장명: 메가***********
소속 군집: Cluster 0
[강점 요약]
- 충성 고객 강점: 단골 고객 비중이 군집 평균보다 높습니다.
- 신규 고객 유입 호조: 신규 고객 비중이 군집 평균보다 높습니다.
[개선 권장]
- 매출 둔화: 최근 매출 등급이 군집 평균보다 낮습니다. (단계: 심각)"
6F17AD6277,0,"매장명: 화이********
소속 군집: Cluster 0
[강점 요약]
- 충성 고객 강점: 단골 고객 비중이 군집 평균보다 높습니다.
[개선 권장]
- 매출 둔화: 최근 매출 등급이 군집 평균보다 낮습니다. (단계: 관찰)"
DB4CA4D632,0,"매장명: 목로**
소속 군집: Cluster 0
[강점 요약]
- 매출 호조: 최근 매출 등급이 군집 평균보다 높습니다.
[개선 권장]
- 충성 고객 약화: 단골 고객 비중이 낮아 재방문 유도가 필요합니다. (단계: 주의)"
7AFF6C86CE,0,"매장명: 르루***********
소속 군집: Cluster 0
[강점 요약]
- 신규 고객 유입 호조: 신규 고객 비중이 군집 평균보다 높습니다.
- 매출 호조: 최근 매출 등급이 군집 평균보다 높습니다.
[개선 권장]
- 충성 고객 약화: 단골 고객 비중이 낮아 재방문 유도가 필요합니다. (단계: 심각)"
572B665575,3,"매장명: 이디***********
소속 군집: Cluster 3
[강점 요약]
- 충성 고객 강점: 단골 고객 비중이 군집 평균보다 높습니다.
[개선 권장]
- 매출 둔화: 최근 매출 등급이 군집 평균보다 낮습니다. (단계: 심각)"
21B52E1F0F,0,"매장명: 단일**
소속 군집: Cluster 0
[강점 요약]
- 두드러진 강점이 확인되지 않았습니다.
[개선 권장]
- 매출 둔화: 최근 매출 등급이 군집 평균보다 낮습니다. (단계: 관찰)"
304DF7C3D2,0,"매장명: 브라*************
소속 군집: Cluster 0
[강점 요약]
- 배달 채널 강점: 배달 매출 비중이 군집 평균을 웃돌고 있습니다.
[개선 권장]
- 신규 고객 유입 부족: 신규 고객 비중이 낮으니 외부 노출과 프로모션을 검토하세요. (단계: 관찰)
- 매출 둔화: 최근 매출 등급이 군집 평균보다 낮습니다. (단계: 관찰)"
794735AD42,0,"매장명: 이리**************
소속 군집: Cluster 0
[강점 요약]
- 신규 고객 유입 호조: 신규 고객 비중이 군집 평균보다 높습니다.
[개선 권장]
- 충성 고객 약화: 단골 고객 비중이 낮아 재방문 유도가 필요합니다. (단계: 심각)
- 매출 둔화: 최근 매출 등급이 군집 평균보다 낮습니다. (단계: 관찰)"
41B1FC479A,0,"매장명: 오트**
소속 군집: Cluster 0
[강점 요약]
- 매출 호조: 최근 매출 등급이 군집 평균보다 높습니다.
[개선 권장]
- 충성 고객 약화: 단골 고객 비중이 낮아 재방문 유도가 필요합니다. (단계: 심각)"
28DC0855AC,3,"매장명: 비밀****
소속 군집: Cluster 3
[강점 요약]
- 매출 호조: 최근 매출 등급이 군집 평균보다 높습니다.
[개선 권장]
- 충성 고객 약화: 단골 고객 비중이 낮아 재방문 유도가 필요합니다. (단계: 심각)"
43B9C1697C,0,"매장명: 카페*
소속 군집: Cluster 0
[강점 요약]
- 충성 고객 강점: 단골 고객 비중이 군집 평균보다 높습니다.
[개선 권장]
- 신규 고객 유입 부족: 신규 고객 비중이 낮으니 외부 노출과 프로모션을 검토하세요. (단계: 관찰)
- 매출 둔화: 최근 매출 등급이 군집 평균보다 낮습니다. (단계: 심각)"
E02749FC67,0,"매장명: 삼*
소속 군집: Cluster 0
[강점 요약]
- 신규 고객 유입 호조: 신규 고객 비중이 군집 평균보다 높습니다.
[개선 권장]
- 충성 고객 약화: 단골 고객 비중이 낮아 재방문 유도가 필요합니다. (단계: 심각)
- 매출 둔화: 최근 매출 등급이 군집 평균보다 낮습니다. (단계: 관찰)"
C76DAFE8C1,3,"매장명: 더리*
소속 군집: Cluster 3
[강점 요약]
- 매출 호조: 최근 매출 등급이 군집 평균보다 높습니다.
[개선 권장]
- 긴급 개선 항목이 확인되지 않았습니다."
74E2CC9A6B,3,"매장명: 블랙**
소속 군집: Cluster 3
[강점 요약]
- 두드러진 강점이 확인되지 않았습니다.
[개선 권장]
- 매출 둔화: 최근 매출 등급이 군집 평균보다 낮습니다. (단계: 심각)"
B5AFB737F5,0,"매장명: 타*
소속 군집: Cluster 0
[강점 요약]
- 두드러진 강점이 확인되지 않았습니다.
[개선 권장]
- 충성 고객 약화: 단골 고객 비중이 낮아 재방문 유도가 필요합니다. (단계: 관찰)
- 매출 둔화: 최근 매출 등급이 군집 평균보다 낮습니다. (단계: 관찰)"
2445E4D19D,0,"매장명: 로우*
소속 군집: Cluster 0
[강점 요약]
- 두드러진 강점이 확인되지 않았습니다.
[개선 권장]
- 충성 고객 약화: 단골 고객 비중이 낮아 재방문 유도가 필요합니다. (단계: 관찰)
- 매출 둔화: 최근 매출 등급이 군집 평균보다 낮습니다. (단계: 심각)"
2EAE67C0B4,0,"매장명: 바나********
소속 군집: Cluster 0
[강점 요약]
- 충성 고객 강점: 단골 고객 비중이 군집 평균보다 높습니다.
[개선 권장]
- 매출 둔화: 최근 매출 등급이 군집 평균보다 낮습니다. (단계: 관찰)"
4A42915A44,0,"매장명: 매머*************
소속 군집: Cluster 0
[강점 요약]
- 충성 고객 강점: 단골 고객 비중이 군집 평균보다 높습니다.
[개선 권장]
- 신규 고객 유입 부족: 신규 고객 비중이 낮으니 외부 노출과 프로모션을 검토하세요. (단계: 관찰)
- 매출 둔화: 최근 매출 등급이 군집 평균보다 낮습니다. (단계: 관찰)"
4A01501171,0,"매장명: 커피************
소속 군집: Cluster 0
[강점 요약]
- 충성 고객 강점: 단골 고객 비중이 군집 평균보다 높습니다.
- 매출 호조: 최근 매출 등급이 군집 평균보다 높습니다.
[개선 권장]
- 긴급 개선 항목이 확인되지 않았습니다."
5974B075AD,3,"매장명: 카페**
소속 군집: Cluster 3
[강점 요약]
- 두드러진 강점이 확인되지 않았습니다.
[개선 권장]
- 긴급 개선 항목이 확인되지 않았습니다."
89F36844AE,3,"매장명: 토프*******
소속 군집: Cluster 3
[강점 요약]
- 두드러진 강점이 확인되지 않았습니다.
[개선 권장]
- 충성 고객 약화: 단골 고객 비중이 낮아 재방문 유도가 필요합니다. (단계: 관찰)"
1F4203EA83,3,"매장명: 카페**
소속 군집: Cluster 3
[강점 요약]
- 매출 호조: 최근 매출 등급이 군집 평균보다 높습니다.
[개선 권장]
- 신규 고객 유입 부족: 신규 고객 비중이 낮으니 외부 노출과 프로모션을 검토하세요. (단계: 관찰)"
BFDC273AED,3,"매장명: 언니**
소속 군집: Cluster 3
[강점 요약]
- 충성 고객 강점: 단골 고객 비중이 군집 평균보다 높습니다.
[개선 권장]
- 매출 둔화: 최근 매출 등급이 군집 평균보다 낮습니다. (단계: 심각)"
F2207F8023,0,"매장명: 엘레**
소속 군집: Cluster 0
[강점 요약]
- 두드러진 강점이 확인되지 않았습니다.
[개선 권장]
- 충성 고객 약화: 단골 고객 비중이 낮아 재방문 유도가 필요합니다. (단계: 심각)
- 매출 둔화: 최근 매출 등급이 군집 평균보다 낮습니다. (단계: 관찰)"
F58CA84077,0,"매장명: nan
소속 군집: Cluster 0
[강점 요약]
- 신규 고객 유입 호조: 신규 고객 비중이 군집 평균보다 높습니다.
[개선 권장]
- 충성 고객 약화: 단골 고객 비중이 낮아 재방문 유도가 필요합니다. (단계: 주의)
- 매출 둔화: 최근 매출 등급이 군집 평균보다 낮습니다. (단계: 심각)"
34ADC7D5B3,3,"매장명: nan
소속 군집: Cluster 3
[강점 요약]
- 매출 호조: 최근 매출 등급이 군집 평균보다 높습니다.
[개선 권장]
- 충성 고객 약화: 단골 고객 비중이 낮아 재방문 유도가 필요합니다. (단계: 주의)"
869C372EFC,3,"매장명: 구*
소속 군집: Cluster 3
[강점 요약]
- 매출 호조: 최근 매출 등급이 군집 평균보다 높습니다.
[개선 권장]
- 충성 고객 약화: 단골 고객 비중이 낮아 재방문 유도가 필요합니다. (단계: 주의)"
9042A5401C,1,"매장명: 비바***
소속 군집: Cluster 1
[강점 요약]
- 배달 채널 강점: 배달 매출 비중이 군집 평균을 웃돌고 있습니다.
[개선 권장]
- 매출 둔화: 최근 매출 등급이 군집 평균보다 낮습니다. (단계: 관찰)"
B437763A97,2,"매장명: nan
소속 군집: Cluster 2
[강점 요약]
- 신규 고객 유입 호조: 신규 고객 비중이 군집 평균보다 높습니다.
- 매출 호조: 최근 매출 등급이 군집 평균보다 높습니다.
[개선 권장]
- 충성 고객 약화: 단골 고객 비중이 낮아 재방문 유도가 필요합니다. (단계: 심각)"
D2E6E383CD,0,"매장명: 빽다*******
소속 군집: Cluster 0
[강점 요약]
- 충성 고객 강점: 단골 고객 비중이 군집 평균보다 높습니다.
- 배달 채널 강점: 배달 매출 비중이 군집 평균을 웃돌고 있습니다.
- 매출 호조: 최근 매출 등급이 군집 평균보다 높습니다.
[개선 권장]
- 신규 고객 유입 부족: 신규 고객 비중이 낮으니 외부 노출과 프로모션을 검토하세요. (단계: 관찰)"
79EBBF0E89,3,"매장명: nan
소속 군집: Cluster 3
[강점 요약]
- 충성 고객 강점: 단골 고객 비중이 군집 평균보다 높습니다.
- 매출 호조: 최근 매출 등급이 군집 평균보다 높습니다.
[개선 권장]
- 긴급 개선 항목이 확인되지 않았습니다."
F7E9A69F8D,0,"매장명: 테크******
소속 군집: Cluster 0
[강점 요약]
- 매출 호조: 최근 매출 등급이 군집 평균보다 높습니다.
[개선 권장]
- 신규 고객 유입 부족: 신규 고객 비중이 낮으니 외부 노출과 프로모션을 검토하세요. (단계: 관찰)"
EA5FAE889A,0,"매장명: 더스******
소속 군집: Cluster 0
[강점 요약]
- 충성 고객 강점: 단골 고객 비중이 군집 평균보다 높습니다.
[개선 권장]
- 매출 둔화: 최근 매출 등급이 군집 평균보다 낮습니다. (단계: 관찰)"
E0A583DB58,3,"매장명: 카페***
소속 군집: Cluster 3
[강점 요약]
- 매출 호조: 최근 매출 등급이 군집 평균보다 높습니다.
[개선 권장]
- 충성 고객 약화: 단골 고객 비중이 낮아 재방문 유도가 필요합니다. (단계: 관찰)"
81C425F47D,3,"매장명: 쉘리*****
소속 군집: Cluster 3
[강점 요약]
- 매출 호조: 최근 매출 등급이 군집 평균보다 높습니다.
[개선 권장]
- 긴급 개선 항목이 확인되지 않았습니다."
0F646F50F7,1,"매장명: 더카*******
소속 군집: Cluster 1
[강점 요약]
- 두드러진 강점이 확인되지 않았습니다.
[개선 권장]
- 매출 둔화: 최근 매출 등급이 군집 평균보다 낮습니다. (단계: 관찰)"
3F9407A8C2,3,"매장명: 카페**
소속 군집: Cluster 3
[강점 요약]
- 충성 고객 강점: 단골 고객 비중이 군집 평균보다 높습니다.
[개선 권장]
- 긴급 개선 항목이 확인되지 않았습니다."
6B7B1EE6FA,0,"매장명: 온유*****
소속 군집: Cluster 0
[강점 요약]
- 충성 고객 강점: 단골 고객 비중이 군집 평균보다 높습니다.
- 매출 호조: 최근 매출 등급이 군집 평균보다 높습니다.
[개선 권장]
- 긴급 개선 항목이 확인되지 않았습니다."
E6BF54CE96,0,"매장명: 뚝섬******
소속 군집: Cluster 0
[강점 요약]
- 배달 채널 강점: 배달 매출 비중이 군집 평균을 웃돌고 있습니다.
- 매출 호조: 최근 매출 등급이 군집 평균보다 높습니다.
[개선 권장]
- 긴급 개선 항목이 확인되지 않았습니다."
18139EA68D,0,"매장명: 매머***************
소속 군집: Cluster 0
[강점 요약]
- 두드러진 강점이 확인되지 않았습니다.
[개선 권장]
- 신규 고객 유입 부족: 신규 고객 비중이 낮으니 외부 노출과 프로모션을 검토하세요. (단계: 관찰)
- 매출 둔화: 최근 매출 등급이 군집 평균보다 낮습니다. (단계: 심각)"
309BDE407B,2,"매장명: nan
소속 군집: Cluster 2
[강점 요약]
- 충성 고객 강점: 단골 고객 비중이 군집 평균보다 높습니다.
- 매출 호조: 최근 매출 등급이 군집 평균보다 높습니다.
[개선 권장]
- 신규 고객 유입 부족: 신규 고객 비중이 낮으니 외부 노출과 프로모션을 검토하세요. (단계: 심각)"
B918A3FB98,0,"매장명: 에이********
소속 군집: Cluster 0
[강점 요약]
- 충성 고객 강점: 단골 고객 비중이 군집 평균보다 높습니다.
- 매출 호조: 최근 매출 등급이 군집 평균보다 높습니다.
[개선 권장]
- 긴급 개선 항목이 확인되지 않았습니다."
9C3EC0EDDC,0,"매장명: 높은************
소속 군집: Cluster 0
[강점 요약]
- 신규 고객 유입 호조: 신규 고객 비중이 군집 평균보다 높습니다.
[개선 권장]
- 매출 둔화: 최근 매출 등급이 군집 평균보다 낮습니다. (단계: 관찰)"
6FB12F3636,1,"매장명: 째깐********
소속 군집: Cluster 1
[강점 요약]
- 배달 채널 강점: 배달 매출 비중이 군집 평균을 웃돌고 있습니다.
- 매출 호조: 최근 매출 등급이 군집 평균보다 높습니다.
[개선 권장]
- 긴급 개선 항목이 확인되지 않았습니다."
B8F11300C9,0,"매장명: 케이***
소속 군집: Cluster 0
[강점 요약]
- 매출 호조: 최근 매출 등급이 군집 평균보다 높습니다.
[개선 권장]
- 충성 고객 약화: 단골 고객 비중이 낮아 재방문 유도가 필요합니다. (단계: 심각)"
434671439E,0,"매장명: nan
소속 군집: Cluster 0
[강점 요약]
- 신규 고객 유입 호조: 신규 고객 비중이 군집 평균보다 높습니다.
[개선 권장]
- 충성 고객 약화: 단골 고객 비중이 낮아 재방문 유도가 필요합니다. (단계: 심각)
- 매출 둔화: 최근 매출 등급이 군집 평균보다 낮습니다. (단계: 심각)"
7162A93F6B,0,"매장명: (오*******
소속 군집: Cluster 0
[강점 요약]
- 충성 고객 강점: 단골 고객 비중이 군집 평균보다 높습니다.
[개선 권장]
- 매출 둔화: 최근 매출 등급이 군집 평균보다 낮습니다. (단계: 관찰)"
BF9955B7C9,0,"매장명: 코스****
소속 군집: Cluster 0
[강점 요약]
- 매출 호조: 최근 매출 등급이 군집 평균보다 높습니다.
[개선 권장]
- 긴급 개선 항목이 확인되지 않았습니다."
0FAD4CAABE,0,"매장명: 스위*****
소속 군집: Cluster 0
[강점 요약]
- 매출 호조: 최근 매출 등급이 군집 평균보다 높습니다.
[개선 권장]
- 충성 고객 약화: 단골 고객 비중이 낮아 재방문 유도가 필요합니다. (단계: 관찰)"
D0C8ACE492,3,"매장명: 제이****************
소속 군집: Cluster 3
[강점 요약]
- 충성 고객 강점: 단골 고객 비중이 군집 평균보다 높습니다.
- 신규 고객 유입 호조: 신규 고객 비중이 군집 평균보다 높습니다.
- 매출 호조: 최근 매출 등급이 군집 평균보다 높습니다.
[개선 권장]
- 긴급 개선 항목이 확인되지 않았습니다."
591CBB3B43,3,"매장명: 카페**
소속 군집: Cluster 3
[강점 요약]
- 두드러진 강점이 확인되지 않았습니다.
[개선 권장]
- 긴급 개선 항목이 확인되지 않았습니다."
7A29E2FB9F,0,"매장명: 로우*****
소속 군집: Cluster 0
[강점 요약]
- 충성 고객 강점: 단골 고객 비중이 군집 평균보다 높습니다.
[개선 권장]
- 매출 둔화: 최근 매출 등급이 군집 평균보다 낮습니다. (단계: 심각)"
41FCF57F43,3,"매장명: 그레*****
소속 군집: Cluster 3
[강점 요약]
- 충성 고객 강점: 단골 고객 비중이 군집 평균보다 높습니다.
- 배달 채널 강점: 배달 매출 비중이 군집 평균을 웃돌고 있습니다.
- 매출 호조: 최근 매출 등급이 군집 평균보다 높습니다.
[개선 권장]
- 긴급 개선 항목이 확인되지 않았습니다."
C76B1790F8,0,"매장명: 모멘*****
소속 군집: Cluster 0
[강점 요약]
- 배달 채널 강점: 배달 매출 비중이 군집 평균을 웃돌고 있습니다.
- 매출 호조: 최근 매출 등급이 군집 평균보다 높습니다.
[개선 권장]
- 긴급 개선 항목이 확인되지 않았습니다."
424ABA9D67,0,"매장명: 젠틀*****
소속 군집: Cluster 0
[강점 요약]
- 충성 고객 강점: 단골 고객 비중이 군집 평균보다 높습니다.
[개선 권장]
- 매출 둔화: 최근 매출 등급이 군집 평균보다 낮습니다. (단계: 관찰)"
96728A7226,0,"매장명: nan
소속 군집: Cluster 0
[강점 요약]
- 매출 호조: 최근 매출 등급이 군집 평균보다 높습니다.
[개선 권장]
- 충성 고객 약화: 단골 고객 비중이 낮아 재방문 유도가 필요합니다. (단계: 심각)"
8D18C2E99F,3,"매장명: 달다*******
소속 군집: Cluster 3
[강점 요약]
- 신규 고객 유입 호조: 신규 고객 비중이 군집 평균보다 높습니다.
[개선 권장]
- 충성 고객 약화: 단골 고객 비중이 낮아 재방문 유도가 필요합니다. (단계: 심각)"
36E3A686C1,3,"매장명: 코코***
소속 군집: Cluster 3
[강점 요약]
- 충성 고객 강점: 단골 고객 비중이 군집 평균보다 높습니다.
- 매출 호조: 최근 매출 등급이 군집 평균보다 높습니다.
[개선 권장]
- 긴급 개선 항목이 확인되지 않았습니다."
BC3B472D8E,0,"매장명: 갈십*
소속 군집: Cluster 0
[강점 요약]
- 두드러진 강점이 확인되지 않았습니다.
[개선 권장]
- 충성 고객 약화: 단골 고객 비중이 낮아 재방문 유도가 필요합니다. (단계: 주의)
- 매출 둔화: 최근 매출 등급이 군집 평균보다 낮습니다. (단계: 심각)"
2C2BF9EB44,2,"매장명: 매머*********
소속 군집: Cluster 2
[강점 요약]
- 충성 고객 강점: 단골 고객 비중이 군집 평균보다 높습니다.
- 매출 호조: 최근 매출 등급이 군집 평균보다 높습니다.
[개선 권장]
- 신규 고객 유입 부족: 신규 고객 비중이 낮으니 외부 노출과 프로모션을 검토하세요. (단계: 주의)"
40876D8589,0,"매장명: 리*
소속 군집: Cluster 0
[강점 요약]
- 배달 채널 강점: 배달 매출 비중이 군집 평균을 웃돌고 있습니다.
[개선 권장]
- 매출 둔화: 최근 매출 등급이 군집 평균보다 낮습니다. (단계: 관찰)"
65D60A05BA,0,"매장명: 온리******
소속 군집: Cluster 0
[강점 요약]
- 두드러진 강점이 확인되지 않았습니다.
[개선 권장]
- 매출 둔화: 최근 매출 등급이 군집 평균보다 낮습니다. (단계: 관찰)"
D01DF9EC5F,0,"매장명: 파라**
소속 군집: Cluster 0
[강점 요약]
- 매출 호조: 최근 매출 등급이 군집 평균보다 높습니다.
[개선 권장]
- 긴급 개선 항목이 확인되지 않았습니다."
2C72D19DB4,1,"매장명: 메가************
소속 군집: Cluster 1
[강점 요약]
- 충성 고객 강점: 단골 고객 비중이 군집 평균보다 높습니다.
[개선 권장]
- 배달 채널 약점: 배달 채널 활용도가 낮습니다. (단계: 심각)
- 매출 둔화: 최근 매출 등급이 군집 평균보다 낮습니다. (단계: 심각)"
C7F49C4961,0,"매장명: nan
소속 군집: Cluster 0
[강점 요약]
- 충성 고객 강점: 단골 고객 비중이 군집 평균보다 높습니다.
[개선 권장]
- 매출 둔화: 최근 매출 등급이 군집 평균보다 낮습니다. (단계: 관찰)"
7E63F9E0CF,0,"매장명: 리틀****
소속 군집: Cluster 0
[강점 요약]
- 매출 호조: 최근 매출 등급이 군집 평균보다 높습니다.
[개선 권장]
- 충성 고객 약화: 단골 고객 비중이 낮아 재방문 유도가 필요합니다. (단계: 주의)"
BE9777DE4A,3,"매장명: 커피******
소속 군집: Cluster 3
[강점 요약]
- 신규 고객 유입 호조: 신규 고객 비중이 군집 평균보다 높습니다.
[개선 권장]
- 충성 고객 약화: 단골 고객 비중이 낮아 재방문 유도가 필요합니다. (단계: 관찰)
- 매출 둔화: 최근 매출 등급이 군집 평균보다 낮습니다. (단계: 심각)"
365914E11C,3,"매장명: nan
소속 군집: Cluster 3
[강점 요약]
- 충성 고객 강점: 단골 고객 비중이 군집 평균보다 높습니다.
- 매출 호조: 최근 매출 등급이 군집 평균보다 높습니다.
[개선 권장]
- 신규 고객 유입 부족: 신규 고객 비중이 낮으니 외부 노출과 프로모션을 검토하세요. (단계: 관찰)"
50A34DE644,0,"매장명: 매머***********
소속 군집: Cluster 0
[강점 요약]
- 충성 고객 강점: 단골 고객 비중이 군집 평균보다 높습니다.
[개선 권장]
- 매출 둔화: 최근 매출 등급이 군집 평균보다 낮습니다. (단계: 관찰)"
5A51AD1FF1,3,"매장명: 컴포*********
소속 군집: Cluster 3
[강점 요약]
- 충성 고객 강점: 단골 고객 비중이 군집 평균보다 높습니다.
[개선 권장]
- 매출 둔화: 최근 매출 등급이 군집 평균보다 낮습니다. (단계: 심각)"
6930EE8A71,0,"매장명: 탐앤********
소속 군집: Cluster 0
[강점 요약]
- 두드러진 강점이 확인되지 않았습니다.
[개선 권장]
- 매출 둔화: 최근 매출 등급이 군집 평균보다 낮습니다. (단계: 심각)"
966680A20F,0,"매장명: 메가***********
소속 군집: Cluster 0
[강점 요약]
- 두드러진 강점이 확인되지 않았습니다.
[개선 권장]
- 매출 둔화: 최근 매출 등급이 군집 평균보다 낮습니다. (단계: 심각)"
AD0F358619,3,"매장명: 카페**************
소속 군집: Cluster 3
[강점 요약]
- 충성 고객 강점: 단골 고객 비중이 군집 평균보다 높습니다.
[개선 권장]
- 긴급 개선 항목이 확인되지 않았습니다."
B2319196A9,0,"매장명: 컴포**********
소속 군집: Cluster 0
[강점 요약]
- 충성 고객 강점: 단골 고객 비중이 군집 평균보다 높습니다.
[개선 권장]
- 매출 둔화: 최근 매출 등급이 군집 평균보다 낮습니다. (단계: 관찰)"
90644ECF42,3,"매장명: 위치***
소속 군집: Cluster 3
[강점 요약]
- 매출 호조: 최근 매출 등급이 군집 평균보다 높습니다.
[개선 권장]
- 신규 고객 유입 부족: 신규 고객 비중이 낮으니 외부 노출과 프로모션을 검토하세요. (단계: 관찰)"
CA4D5857BC,0,"매장명: 매머************
소속 군집: Cluster 0
[강점 요약]
- 충성 고객 강점: 단골 고객 비중이 군집 평균보다 높습니다.
[개선 권장]
- 매출 둔화: 최근 매출 등급이 군집 평균보다 낮습니다. (단계: 관찰)"
9041A4EB80,2,"매장명: 카페****
소속 군집: Cluster 2
[강점 요약]
- 신규 고객 유입 호조: 신규 고객 비중이 군집 평균보다 높습니다.
- 매출 호조: 최근 매출 등급이 군집 평균보다 높습니다.
[개선 권장]
- 긴급 개선 항목이 확인되지 않았습니다."
378C662D8E,2,"매장명: nan
소속 군집: Cluster 2
[강점 요약]
- 두드러진 강점이 확인되지 않았습니다.
[개선 권장]
- 신규 고객 유입 부족: 신규 고객 비중이 낮으니 외부 노출과 프로모션을 검토하세요. (단계: 심각)
- 매출 둔화: 최근 매출 등급이 군집 평균보다 낮습니다. (단계: 관찰)"
943BBD5F30,0,"매장명: 세컨****
소속 군집: Cluster 0
[강점 요약]
- 충성 고객 강점: 단골 고객 비중이 군집 평균보다 높습니다.
- 매출 호조: 최근 매출 등급이 군집 평균보다 높습니다.
[개선 권장]
- 긴급 개선 항목이 확인되지 않았습니다."
6010892CCE,0,"매장명: 아이***
소속 군집: Cluster 0
[강점 요약]
- 충성 고객 강점: 단골 고객 비중이 군집 평균보다 높습니다.
- 배달 채널 강점: 배달 매출 비중이 군집 평균을 웃돌고 있습니다.
[개선 권장]
- 매출 둔화: 최근 매출 등급이 군집 평균보다 낮습니다. (단계: 관찰)"
D749124593,3,"매장명: nan
소속 군집: Cluster 3
[강점 요약]
- 매출 호조: 최근 매출 등급이 군집 평균보다 높습니다.
[개선 권장]
- 충성 고객 약화: 단골 고객 비중이 낮아 재방문 유도가 필요합니다. (단계: 심각)"
5EB844551A,1,"매장명: 아토******
소속 군집: Cluster 1
[강점 요약]
- 충성 고객 강점: 단골 고객 비중이 군집 평균보다 높습니다.
- 배달 채널 강점: 배달 매출 비중이 군집 평균을 웃돌고 있습니다.
[개선 권장]
- 매출 둔화: 최근 매출 등급이 군집 평균보다 낮습니다. (단계: 관찰)"
384FAF740C,2,"매장명: 벌스*********************
소속 군집: Cluster 2
[강점 요약]
- 충성 고객 강점: 단골 고객 비중이 군집 평균보다 높습니다.
- 배달 채널 강점: 배달 매출 비중이 군집 평균을 웃돌고 있습니다.
- 매출 호조: 최근 매출 등급이 군집 평균보다 높습니다.
[개선 권장]
- 신규 고객 유입 부족: 신규 고객 비중이 낮으니 외부 노출과 프로모션을 검토하세요. (단계: 주의)"
D877FBFA11,3,"매장명: 플라********
소속 군집: Cluster 3
[강점 요약]
- 충성 고객 강점: 단골 고객 비중이 군집 평균보다 높습니다.
[개선 권장]
- 긴급 개선 항목이 확인되지 않았습니다."
ECCBAE7ACB,0,"매장명: 앳 **
소속 군집: Cluster 0
[강점 요약]
- 충성 고객 강점: 단골 고객 비중이 군집 평균보다 높습니다.
[개선 권장]
- 매출 둔화: 최근 매출 등급이 군집 평균보다 낮습니다. (단계: 관찰)"
CA5307D30A,3,"매장명: 포레**
소속 군집: Cluster 3
[강점 요약]
- 두드러진 강점이 확인되지 않았습니다.
[개선 권장]
- 긴급 개선 항목이 확인되지 않았습니다."
BF43B6D3DA,0,"매장명: 크로*******
소속 군집: Cluster 0
[강점 요약]
- 매출 호조: 최근 매출 등급이 군집 평균보다 높습니다.
[개선 권장]
- 충성 고객 약화: 단골 고객 비중이 낮아 재방문 유도가 필요합니다. (단계: 주의)"
8BA8BCCA0D,2,"매장명: 투썸***********
소속 군집: Cluster 2
[강점 요약]
- 두드러진 강점이 확인되지 않았습니다.
[개선 권장]
- 신규 고객 유입 부족: 신규 고객 비중이 낮으니 외부 노출과 프로모션을 검토하세요. (단계: 주의)
- 매출 둔화: 최근 매출 등급이 군집 평균보다 낮습니다. (단계: 심각)"
B4C8D0B6AD,0,"매장명: 베티*
소속 군집: Cluster 0
[강점 요약]
- 두드러진 강점이 확인되지 않았습니다.
[개선 권장]
- 충성 고객 약화: 단골 고객 비중이 낮아 재방문 유도가 필요합니다. (단계: 관찰)
- 매출 둔화: 최근 매출 등급이 군집 평균보다 낮습니다. (단계: 관찰)"
A33442D657,1,"매장명: 오거*
소속 군집: Cluster 1
[강점 요약]
- 매출 호조: 최근 매출 등급이 군집 평균보다 높습니다.
[개선 권장]
- 충성 고객 약화: 단골 고객 비중이 낮아 재방문 유도가 필요합니다. (단계: 심각)
- 배달 채널 약점: 배달 채널 활용도가 낮습니다. (단계: 주의)"
7E78A7C976,3,"매장명: 이디******
소속 군집: Cluster 3
[강점 요약]
- 충성 고객 강점: 단골 고객 비중이 군집 평균보다 높습니다.
- 배달 채널 강점: 배달 매출 비중이 군집 평균을 웃돌고 있습니다.
[개선 권장]
- 매출 둔화: 최근 매출 등급이 군집 평균보다 낮습니다. (단계: 심각)"
BB508E9B60,0,"매장명: 아우***************
소속 군집: Cluster 0
[강점 요약]
- 매출 호조: 최근 매출 등급이 군집 평균보다 높습니다.
[개선 권장]
- 긴급 개선 항목이 확인되지 않았습니다."
BDD7EBEC25,3,"매장명: 전광***
소속 군집: Cluster 3
[강점 요약]
- 충성 고객 강점: 단골 고객 비중이 군집 평균보다 높습니다.
- 매출 호조: 최근 매출 등급이 군집 평균보다 높습니다.
[개선 권장]
- 긴급 개선 항목이 확인되지 않았습니다."
95C390B637,0,"매장명: 꼬*
소속 군집: Cluster 0
[강점 요약]
- 신규 고객 유입 호조: 신규 고객 비중이 군집 평균보다 높습니다.
[개선 권장]
- 충성 고객 약화: 단골 고객 비중이 낮아 재방문 유도가 필요합니다. (단계: 관찰)
- 매출 둔화: 최근 매출 등급이 군집 평균보다 낮습니다. (단계: 관찰)"
3115CB8448,0,"매장명: 샌드**
소속 군집: Cluster 0
[강점 요약]
- 두드러진 강점이 확인되지 않았습니다.
[개선 권장]
- 충성 고객 약화: 단골 고객 비중이 낮아 재방문 유도가 필요합니다. (단계: 주의)
- 매출 둔화: 최근 매출 등급이 군집 평균보다 낮습니다. (단계: 관찰)"
4F91DC078E,0,"매장명: 리커*******
소속 군집: Cluster 0
[강점 요약]
- 두드러진 강점이 확인되지 않았습니다.
[개선 권장]
- 매출 둔화: 최근 매출 등급이 군집 평균보다 낮습니다. (단계: 관찰)"
96CC46E113,2,"매장명: nan
소속 군집: Cluster 2
[강점 요약]
- 두드러진 강점이 확인되지 않았습니다.
[개선 권장]
- 신규 고객 유입 부족: 신규 고객 비중이 낮으니 외부 노출과 프로모션을 검토하세요. (단계: 주의)
- 매출 둔화: 최근 매출 등급이 군집 평균보다 낮습니다. (단계: 심각)"
A9B8207363,0,"매장명: 드립*****
소속 군집: Cluster 0
[강점 요약]
- 매출 호조: 최근 매출 등급이 군집 평균보다 높습니다.
[개선 권장]
- 충성 고객 약화: 단골 고객 비중이 낮아 재방문 유도가 필요합니다. (단계: 심각)"
A412739857,0,"매장명: 디 *********
소속 군집: Cluster 0
[강점 요약]
- 매출 호조: 최근 매출 등급이 군집 평균보다 높습니다.
[개선 권장]
- 긴급 개선 항목이 확인되지 않았습니다."
895BBD5C5B,0,"매장명: 퍼프************
소속 군집: Cluster 0
[강점 요약]
- 두드러진 강점이 확인되지 않았습니다.
[개선 권장]
- 충성 고객 약화: 단골 고객 비중이 낮아 재방문 유도가 필요합니다. (단계: 주의)
- 매출 둔화: 최근 매출 등급이 군집 평균보다 낮습니다. (단계: 심각)"
43B89D891C,0,"매장명: 아워**
소속 군집: Cluster 0
[강점 요약]
- 충성 고객 강점: 단골 고객 비중이 군집 평균보다 높습니다.
- 매출 호조: 최근 매출 등급이 군집 평균보다 높습니다.
[개선 권장]
- 긴급 개선 항목이 확인되지 않았습니다."
D5845DCD06,0,"매장명: 멀티*******
소속 군집: Cluster 0
[강점 요약]
- 두드러진 강점이 확인되지 않았습니다.
[개선 권장]
- 충성 고객 약화: 단골 고객 비중이 낮아 재방문 유도가 필요합니다. (단계: 관찰)
- 매출 둔화: 최근 매출 등급이 군집 평균보다 낮습니다. (단계: 관찰)"
63064A8A5C,0,"매장명: 메가**************
소속 군집: Cluster 0
[강점 요약]
- 두드러진 강점이 확인되지 않았습니다.
[개선 권장]
- 매출 둔화: 최근 매출 등급이 군집 평균보다 낮습니다. (단계: 심각)"
EB66B019B5,3,"매장명: 카페*********
소속 군집: Cluster 3
[강점 요약]
- 충성 고객 강점: 단골 고객 비중이 군집 평균보다 높습니다.
- 매출 호조: 최근 매출 등급이 군집 평균보다 높습니다.
[개선 권장]
- 긴급 개선 항목이 확인되지 않았습니다."
99973542B9,3,"매장명: 달콤***
소속 군집: Cluster 3
[강점 요약]
- 두드러진 강점이 확인되지 않았습니다.
[개선 권장]
- 충성 고객 약화: 단골 고객 비중이 낮아 재방문 유도가 필요합니다. (단계: 주의)"
4A3538DDC3,1,"매장명: 컴포**********
소속 군집: Cluster 1
[강점 요약]
- 두드러진 강점이 확인되지 않았습니다.
[개선 권장]
- 배달 채널 약점: 배달 채널 활용도가 낮습니다. (단계: 심각)
- 매출 둔화: 최근 매출 등급이 군집 평균보다 낮습니다. (단계: 관찰)"
8A5378CE22,0,"매장명: 커피*
소속 군집: Cluster 0
[강점 요약]
- 매출 호조: 최근 매출 등급이 군집 평균보다 높습니다.
[개선 권장]
- 충성 고객 약화: 단골 고객 비중이 낮아 재방문 유도가 필요합니다. (단계: 주의)"
3DB47F6D25,3,"매장명: 학다*
소속 군집: Cluster 3
[강점 요약]
- 매출 호조: 최근 매출 등급이 군집 평균보다 높습니다.
[개선 권장]
- 충성 고객 약화: 단골 고객 비중이 낮아 재방문 유도가 필요합니다. (단계: 주의)"
58D324F8BD,0,"매장명: 릴레***********
소속 군집: Cluster 0
[강점 요약]
- 두드러진 강점이 확인되지 않았습니다.
[개선 권장]
- 매출 둔화: 최근 매출 등급이 군집 평균보다 낮습니다. (단계: 관찰)"
6D331F1EE9,3,"매장명: 카페***************
소속 군집: Cluster 3
[강점 요약]
- 두드러진 강점이 확인되지 않았습니다.
[개선 권장]
- 충성 고객 약화: 단골 고객 비중이 낮아 재방문 유도가 필요합니다. (단계: 주의)"
62EF38C706,0,"매장명: 라바******
소속 군집: Cluster 0
[강점 요약]
- 두드러진 강점이 확인되지 않았습니다.
[개선 권장]
- 충성 고객 약화: 단골 고객 비중이 낮아 재방문 유도가 필요합니다. (단계: 관찰)
- 매출 둔화: 최근 매출 등급이 군집 평균보다 낮습니다. (단계: 관찰)"
335B38273C,0,"매장명: 아쿠***************
소속 군집: Cluster 0
[강점 요약]
- 신규 고객 유입 호조: 신규 고객 비중이 군집 평균보다 높습니다.
[개선 권장]
- 충성 고객 약화: 단골 고객 비중이 낮아 재방문 유도가 필요합니다. (단계: 심각)
- 매출 둔화: 최근 매출 등급이 군집 평균보다 낮습니다. (단계: 심각)"
352569F469,3,"매장명: 더카***********************
소속 군집: Cluster 3
[강점 요약]
- 신규 고객 유입 호조: 신규 고객 비중이 군집 평균보다 높습니다.
[개선 권장]
- 충성 고객 약화: 단골 고객 비중이 낮아 재방문 유도가 필요합니다. (단계: 심각)
- 매출 둔화: 최근 매출 등급이 군집 평균보다 낮습니다. (단계: 심각)"
FDD6335CBC,0,"매장명: 카페***
소속 군집: Cluster 0
[강점 요약]
- 매출 호조: 최근 매출 등급이 군집 평균보다 높습니다.
[개선 권장]
- 긴급 개선 항목이 확인되지 않았습니다."
60334AB92C,0,"매장명: 투썸*********
소속 군집: Cluster 0
[강점 요약]
- 충성 고객 강점: 단골 고객 비중이 군집 평균보다 높습니다.
[개선 권장]
- 매출 둔화: 최근 매출 등급이 군집 평균보다 낮습니다. (단계: 심각)"
CDAEDB0A25,3,"매장명: 이디********
소속 군집: Cluster 3
[강점 요약]
- 두드러진 강점이 확인되지 않았습니다.
[개선 권장]
- 충성 고객 약화: 단골 고객 비중이 낮아 재방문 유도가 필요합니다. (단계: 주의)
- 매출 둔화: 최근 매출 등급이 군집 평균보다 낮습니다. (단계: 심각)"
A8A809016A,2,"매장명: nan
소속 군집: Cluster 2
[강점 요약]
- 신규 고객 유입 호조: 신규 고객 비중이 군집 평균보다 높습니다.
[개선 권장]
- 충성 고객 약화: 단골 고객 비중이 낮아 재방문 유도가 필요합니다. (단계: 심각)
- 매출 둔화: 최근 매출 등급이 군집 평균보다 낮습니다. (단계: 관찰)"
9A0EC55599,0,"매장명: 메가************
소속 군집: Cluster 0
[강점 요약]
- 충성 고객 강점: 단골 고객 비중이 군집 평균보다 높습니다.
[개선 권장]
- 신규 고객 유입 부족: 신규 고객 비중이 낮으니 외부 노출과 프로모션을 검토하세요. (단계: 관찰)
- 매출 둔화: 최근 매출 등급이 군집 평균보다 낮습니다. (단계: 관찰)"
37C22962DB,0,"매장명: 매머*************
소속 군집: Cluster 0
[강점 요약]
- 충성 고객 강점: 단골 고객 비중이 군집 평균보다 높습니다.
- 배달 채널 강점: 배달 매출 비중이 군집 평균을 웃돌고 있습니다.
[개선 권장]
- 매출 둔화: 최근 매출 등급이 군집 평균보다 낮습니다. (단계: 관찰)"
FD69236F45,3,"매장명: 로맹**
소속 군집: Cluster 3
[강점 요약]
- 매출 호조: 최근 매출 등급이 군집 평균보다 높습니다.
[개선 권장]
- 충성 고객 약화: 단골 고객 비중이 낮아 재방문 유도가 필요합니다. (단계: 관찰)"
79F7BABD3E,3,"매장명: 하이**
소속 군집: Cluster 3
[강점 요약]
- 두드러진 강점이 확인되지 않았습니다.
[개선 권장]
- 매출 둔화: 최근 매출 등급이 군집 평균보다 낮습니다. (단계: 심각)"
E4A9ECB7B9,3,"매장명: 커피******
소속 군집: Cluster 3
[강점 요약]
- 두드러진 강점이 확인되지 않았습니다.
[개선 권장]
- 긴급 개선 항목이 확인되지 않았습니다."
FCE9571860,0,"매장명: 어페***
소속 군집: Cluster 0
[강점 요약]
- 충성 고객 강점: 단골 고객 비중이 군집 평균보다 높습니다.
- 배달 채널 강점: 배달 매출 비중이 군집 평균을 웃돌고 있습니다.
- 매출 호조: 최근 매출 등급이 군집 평균보다 높습니다.
[개선 권장]
- 긴급 개선 항목이 확인되지 않았습니다."
2FF80BC960,1,"매장명: 우*
소속 군집: Cluster 1
[강점 요약]
- 배달 채널 강점: 배달 매출 비중이 군집 평균을 웃돌고 있습니다.
[개선 권장]
- 충성 고객 약화: 단골 고객 비중이 낮아 재방문 유도가 필요합니다. (단계: 심각)
- 매출 둔화: 최근 매출 등급이 군집 평균보다 낮습니다. (단계: 심각)"
BCB8BCC1D2,0,"매장명: nan
소속 군집: Cluster 0
[강점 요약]
- 배달 채널 강점: 배달 매출 비중이 군집 평균을 웃돌고 있습니다.
- 매출 호조: 최근 매출 등급이 군집 평균보다 높습니다.
[개선 권장]
- 충성 고객 약화: 단골 고객 비중이 낮아 재방문 유도가 필요합니다. (단계: 주의)"
EE000D3E14,3,"매장명: 카페***
소속 군집: Cluster 3
[강점 요약]
- 충성 고객 강점: 단골 고객 비중이 군집 평균보다 높습니다.
- 매출 호조: 최근 매출 등급이 군집 평균보다 높습니다.
[개선 권장]
- 긴급 개선 항목이 확인되지 않았습니다."
3AF3906E1E,1,"매장명: 슐스*****
소속 군집: Cluster 1
[강점 요약]
- 충성 고객 강점: 단골 고객 비중이 군집 평균보다 높습니다.
- 배달 채널 강점: 배달 매출 비중이 군집 평균을 웃돌고 있습니다.
[개선 권장]
- 매출 둔화: 최근 매출 등급이 군집 평균보다 낮습니다. (단계: 관찰)"
B9CF9A1A80,0,"매장명: 마피****
소속 군집: Cluster 0
[강점 요약]
- 매출 호조: 최근 매출 등급이 군집 평균보다 높습니다.
[개선 권장]
- 긴급 개선 항목이 확인되지 않았습니다."
12A28908F1,0,"매장명: 바나********
소속 군집: Cluster 0
[강점 요약]
- 충성 고객 강점: 단골 고객 비중이 군집 평균보다 높습니다.
[개선 권장]
- 매출 둔화: 최근 매출 등급이 군집 평균보다 낮습니다. (단계: 관찰)"
4BBF641656,2,"매장명: nan
소속 군집: Cluster 2
[강점 요약]
- 신규 고객 유입 호조: 신규 고객 비중이 군집 평균보다 높습니다.
[개선 권장]
- 충성 고객 약화: 단골 고객 비중이 낮아 재방문 유도가 필요합니다. (단계: 심각)
- 매출 둔화: 최근 매출 등급이 군집 평균보다 낮습니다. (단계: 관찰)"
1BCD8AC994,1,"매장명: 펠어*******
소속 군집: Cluster 1
[강점 요약]
- 신규 고객 유입 호조: 신규 고객 비중이 군집 평균보다 높습니다.
- 매출 호조: 최근 매출 등급이 군집 평균보다 높습니다.
[개선 권장]
- 충성 고객 약화: 단골 고객 비중이 낮아 재방문 유도가 필요합니다. (단계: 심각)
- 배달 채널 약점: 배달 채널 활용도가 낮습니다. (단계: 주의)"
79DB6DBBB4,3,"매장명: 커피******
소속 군집: Cluster 3
[강점 요약]
- 두드러진 강점이 확인되지 않았습니다.
[개선 권장]
- 충성 고객 약화: 단골 고객 비중이 낮아 재방문 유도가 필요합니다. (단계: 관찰)"
24F5384BB4,0,"매장명: nan
소속 군집: Cluster 0
[강점 요약]
- 매출 호조: 최근 매출 등급이 군집 평균보다 높습니다.
[개선 권장]
- 충성 고객 약화: 단골 고객 비중이 낮아 재방문 유도가 필요합니다. (단계: 심각)"
67551595FA,3,"매장명: 메가**********
소속 군집: Cluster 3
[강점 요약]
- 충성 고객 강점: 단골 고객 비중이 군집 평균보다 높습니다.
[개선 권장]
- 매출 둔화: 최근 매출 등급이 군집 평균보다 낮습니다. (단계: 심각)"
5113D031FD,0,"매장명: 기미*
소속 군집: Cluster 0
[강점 요약]
- 매출 호조: 최근 매출 등급이 군집 평균보다 높습니다.
[개선 권장]
- 충성 고객 약화: 단골 고객 비중이 낮아 재방문 유도가 필요합니다. (단계: 관찰)
- 신규 고객 유입 부족: 신규 고객 비중이 낮으니 외부 노출과 프로모션을 검토하세요. (단계: 관찰)"
C2917321B5,0,"매장명: 와이*
소속 군집: Cluster 0
[강점 요약]
- 충성 고객 강점: 단골 고객 비중이 군집 평균보다 높습니다.
[개선 권장]
- 매출 둔화: 최근 매출 등급이 군집 평균보다 낮습니다. (단계: 관찰)"
475ED601EB,3,"매장명: 지에************
소속 군집: Cluster 3
[강점 요약]
- 배달 채널 강점: 배달 매출 비중이 군집 평균을 웃돌고 있습니다.
- 매출 호조: 최근 매출 등급이 군집 평균보다 높습니다.
[개선 권장]
- 충성 고객 약화: 단골 고객 비중이 낮아 재방문 유도가 필요합니다. (단계: 심각)"
03BE2D577F,0,"매장명: 커피************
소속 군집: Cluster 0
[강점 요약]
- 충성 고객 강점: 단골 고객 비중이 군집 평균보다 높습니다.
[개선 권장]
- 매출 둔화: 최근 매출 등급이 군집 평균보다 낮습니다. (단계: 관찰)"
0EE4BD7D7A,3,"매장명: 오*
소속 군집: Cluster 3
[강점 요약]
- 두드러진 강점이 확인되지 않았습니다.
[개선 권장]
- 긴급 개선 항목이 확인되지 않았습니다."
0C9C887E27,0,"매장명: 에이******
소속 군집: Cluster 0
[강점 요약]
- 매출 호조: 최근 매출 등급이 군집 평균보다 높습니다.
[개선 권장]
- 긴급 개선 항목이 확인되지 않았습니다."
4BF0C08F5F,3,"매장명: 지니*****
소속 군집: Cluster 3
[강점 요약]
- 두드러진 강점이 확인되지 않았습니다.
[개선 권장]
- 매출 둔화: 최근 매출 등급이 군집 평균보다 낮습니다. (단계: 심각)"
4018B532A8,0,"매장명: 탐앤********
소속 군집: Cluster 0
[강점 요약]
- 두드러진 강점이 확인되지 않았습니다.
[개선 권장]
- 충성 고객 약화: 단골 고객 비중이 낮아 재방문 유도가 필요합니다. (단계: 관찰)
- 매출 둔화: 최근 매출 등급이 군집 평균보다 낮습니다. (단계: 심각)"
CAF68EC2CB,3,"매장명: 담*
소속 군집: Cluster 3
[강점 요약]
- 충성 고객 강점: 단골 고객 비중이 군집 평균보다 높습니다.
- 매출 호조: 최근 매출 등급이 군집 평균보다 높습니다.
[개선 권장]
- 긴급 개선 항목이 확인되지 않았습니다."
AD045C18E5,3,"매장명: 그로****
소속 군집: Cluster 3
[강점 요약]
- 매출 호조: 최근 매출 등급이 군집 평균보다 높습니다.
[개선 권장]
- 긴급 개선 항목이 확인되지 않았습니다."
5F2DDA0178,0,"매장명: 올더***********
소속 군집: Cluster 0
[강점 요약]
- 매출 호조: 최근 매출 등급이 군집 평균보다 높습니다.
[개선 권장]
- 충성 고객 약화: 단골 고객 비중이 낮아 재방문 유도가 필요합니다. (단계: 관찰)
- 신규 고객 유입 부족: 신규 고객 비중이 낮으니 외부 노출과 프로모션을 검토하세요. (단계: 관찰)"
2BF66155BC,0,"매장명: 라에**
소속 군집: Cluster 0
[강점 요약]
- 두드러진 강점이 확인되지 않았습니다.
[개선 권장]
- 매출 둔화: 최근 매출 등급이 군집 평균보다 낮습니다. (단계: 심각)"
15B7F02740,3,"매장명: 라피**
소속 군집: Cluster 3
[강점 요약]
- 배달 채널 강점: 배달 매출 비중이 군집 평균을 웃돌고 있습니다.
- 매출 호조: 최근 매출 등급이 군집 평균보다 높습니다.
[개선 권장]
- 긴급 개선 항목이 확인되지 않았습니다."
667F7D3E48,0,"매장명: nan
소속 군집: Cluster 0
[강점 요약]
- 충성 고객 강점: 단골 고객 비중이 군집 평균보다 높습니다.
- 배달 채널 강점: 배달 매출 비중이 군집 평균을 웃돌고 있습니다.
- 매출 호조: 최근 매출 등급이 군집 평균보다 높습니다.
[개선 권장]
- 긴급 개선 항목이 확인되지 않았습니다."
BD730ED969,2,"매장명: nan
소속 군집: Cluster 2
[강점 요약]
- 충성 고객 강점: 단골 고객 비중이 군집 평균보다 높습니다.
- 매출 호조: 최근 매출 등급이 군집 평균보다 높습니다.
[개선 권장]
- 긴급 개선 항목이 확인되지 않았습니다."
9AFEF6448B,0,"매장명: 버터*
소속 군집: Cluster 0
[강점 요약]
- 충성 고객 강점: 단골 고객 비중이 군집 평균보다 높습니다.
- 매출 호조: 최근 매출 등급이 군집 평균보다 높습니다.
[개선 권장]
- 긴급 개선 항목이 확인되지 않았습니다."
BF8F8AFC4B,0,"매장명: 쉭앤******************
소속 군집: Cluster 0
[강점 요약]
- 충성 고객 강점: 단골 고객 비중이 군집 평균보다 높습니다.
- 매출 호조: 최근 매출 등급이 군집 평균보다 높습니다.
[개선 권장]
- 긴급 개선 항목이 확인되지 않았습니다."
4F68679BB6,0,"매장명: 더벤*
소속 군집: Cluster 0
[강점 요약]
- 충성 고객 강점: 단골 고객 비중이 군집 평균보다 높습니다.
- 배달 채널 강점: 배달 매출 비중이 군집 평균을 웃돌고 있습니다.
[개선 권장]
- 매출 둔화: 최근 매출 등급이 군집 평균보다 낮습니다. (단계: 관찰)"
FF3AE5174C,0,"매장명: nan
소속 군집: Cluster 0
[강점 요약]
- 두드러진 강점이 확인되지 않았습니다.
[개선 권장]
- 충성 고객 약화: 단골 고객 비중이 낮아 재방문 유도가 필요합니다. (단계: 심각)
- 매출 둔화: 최근 매출 등급이 군집 평균보다 낮습니다. (단계: 심각)"
10D9319CCB,3,"매장명: 더블*
소속 군집: Cluster 3
[강점 요약]
- 충성 고객 강점: 단골 고객 비중이 군집 평균보다 높습니다.
- 매출 호조: 최근 매출 등급이 군집 평균보다 높습니다.
[개선 권장]
- 긴급 개선 항목이 확인되지 않았습니다."
E569E14F36,3,"매장명: 길모****
소속 군집: Cluster 3
[강점 요약]
- 충성 고객 강점: 단골 고객 비중이 군집 평균보다 높습니다.
- 매출 호조: 최근 매출 등급이 군집 평균보다 높습니다.
[개선 권장]
- 긴급 개선 항목이 확인되지 않았습니다."
C65FEFD6D4,3,"매장명: 투달***************************
소속 군집: Cluster 3
[강점 요약]
- 두드러진 강점이 확인되지 않았습니다.
[개선 권장]
- 충성 고객 약화: 단골 고객 비중이 낮아 재방문 유도가 필요합니다. (단계: 관찰)"
5B110F468D,3,"매장명: 메가************
소속 군집: Cluster 3
[강점 요약]
- 배달 채널 강점: 배달 매출 비중이 군집 평균을 웃돌고 있습니다.
[개선 권장]
- 매출 둔화: 최근 매출 등급이 군집 평균보다 낮습니다. (단계: 심각)"
79892ACBB1,0,"매장명: 메가*********
소속 군집: Cluster 0
[강점 요약]
- 충성 고객 강점: 단골 고객 비중이 군집 평균보다 높습니다.
[개선 권장]
- 매출 둔화: 최근 매출 등급이 군집 평균보다 낮습니다. (단계: 심각)"
9E719E496C,0,"매장명: nan
소속 군집: Cluster 0
[강점 요약]
- 두드러진 강점이 확인되지 않았습니다.
[개선 권장]
- 충성 고객 약화: 단골 고객 비중이 낮아 재방문 유도가 필요합니다. (단계: 심각)
- 매출 둔화: 최근 매출 등급이 군집 평균보다 낮습니다. (단계: 심각)"
6B99F5A278,3,"매장명: 아지***
소속 군집: Cluster 3
[강점 요약]
- 충성 고객 강점: 단골 고객 비중이 군집 평균보다 높습니다.
[개선 권장]
- 긴급 개선 항목이 확인되지 않았습니다."
F4E7570A2E,0,"매장명: 더가*****
소속 군집: Cluster 0
[강점 요약]
- 충성 고객 강점: 단골 고객 비중이 군집 평균보다 높습니다.
- 매출 호조: 최근 매출 등급이 군집 평균보다 높습니다.
[개선 권장]
- 긴급 개선 항목이 확인되지 않았습니다."
01FD0FCC3D,0,"매장명: 그리*****
소속 군집: Cluster 0
[강점 요약]
- 충성 고객 강점: 단골 고객 비중이 군집 평균보다 높습니다.
- 배달 채널 강점: 배달 매출 비중이 군집 평균을 웃돌고 있습니다.
- 매출 호조: 최근 매출 등급이 군집 평균보다 높습니다.
[개선 권장]
- 신규 고객 유입 부족: 신규 고객 비중이 낮으니 외부 노출과 프로모션을 검토하세요. (단계: 관찰)"
6C3AFD20C1,1,"매장명: 노워***************
소속 군집: Cluster 1
[강점 요약]
- 배달 채널 강점: 배달 매출 비중이 군집 평균을 웃돌고 있습니다.
[개선 권장]
- 매출 둔화: 최근 매출 등급이 군집 평균보다 낮습니다. (단계: 관찰)"
EBE76155D3,0,"매장명: 플로*********
소속 군집: Cluster 0
[강점 요약]
- 매출 호조: 최근 매출 등급이 군집 평균보다 높습니다.
[개선 권장]
- 충성 고객 약화: 단골 고객 비중이 낮아 재방문 유도가 필요합니다. (단계: 관찰)"
2E4CDEA048,0,"매장명: 라플***********
소속 군집: Cluster 0
[강점 요약]
- 신규 고객 유입 호조: 신규 고객 비중이 군집 평균보다 높습니다.
- 매출 호조: 최근 매출 등급이 군집 평균보다 높습니다.
[개선 권장]
- 충성 고객 약화: 단골 고객 비중이 낮아 재방문 유도가 필요합니다. (단계: 심각)"
61472439B5,3,"매장명: 얌커*
소속 군집: Cluster 3
[강점 요약]
- 매출 호조: 최근 매출 등급이 군집 평균보다 높습니다.
[개선 권장]
- 긴급 개선 항목이 확인되지 않았습니다."
F290935883,3,"매장명: nan
소속 군집: Cluster 3
[강점 요약]
- 매출 호조: 최근 매출 등급이 군집 평균보다 높습니다.
[개선 권장]
- 충성 고객 약화: 단골 고객 비중이 낮아 재방문 유도가 필요합니다. (단계: 심각)"
5D86802675,0,"매장명: 프롤*********
소속 군집: Cluster 0
[강점 요약]
- 배달 채널 강점: 배달 매출 비중이 군집 평균을 웃돌고 있습니다.
[개선 권장]
- 충성 고객 약화: 단골 고객 비중이 낮아 재방문 유도가 필요합니다. (단계: 관찰)
- 매출 둔화: 최근 매출 등급이 군집 평균보다 낮습니다. (단계: 관찰)"
DA4DC755CB,0,"매장명: 송정**
소속 군집: Cluster 0
[강점 요약]
- 매출 호조: 최근 매출 등급이 군집 평균보다 높습니다.
[개선 권장]
- 긴급 개선 항목이 확인되지 않았습니다."
4C60EE6CA4,3,"매장명: 카페****
소속 군집: Cluster 3
[강점 요약]
- 신규 고객 유입 호조: 신규 고객 비중이 군집 평균보다 높습니다.
- 매출 호조: 최근 매출 등급이 군집 평균보다 높습니다.
[개선 권장]
- 충성 고객 약화: 단골 고객 비중이 낮아 재방문 유도가 필요합니다. (단계: 관찰)"
2C8DAA2BF9,0,"매장명: nan
소속 군집: Cluster 0
[강점 요약]
- 신규 고객 유입 호조: 신규 고객 비중이 군집 평균보다 높습니다.
- 매출 호조: 최근 매출 등급이 군집 평균보다 높습니다.
[개선 권장]
- 충성 고객 약화: 단골 고객 비중이 낮아 재방문 유도가 필요합니다. (단계: 주의)"
7E1DD52BF1,3,"매장명: 로그***
소속 군집: Cluster 3
[강점 요약]
- 충성 고객 강점: 단골 고객 비중이 군집 평균보다 높습니다.
- 매출 호조: 최근 매출 등급이 군집 평균보다 높습니다.
[개선 권장]
- 신규 고객 유입 부족: 신규 고객 비중이 낮으니 외부 노출과 프로모션을 검토하세요. (단계: 관찰)"
5DC3FB1D5F,3,"매장명: 코페*******
소속 군집: Cluster 3
[강점 요약]
- 두드러진 강점이 확인되지 않았습니다.
[개선 권장]
- 매출 둔화: 최근 매출 등급이 군집 평균보다 낮습니다. (단계: 심각)"
197C457DEF,3,"매장명: 소나***
소속 군집: Cluster 3
[강점 요약]
- 두드러진 강점이 확인되지 않았습니다.
[개선 권장]
- 긴급 개선 항목이 확인되지 않았습니다."
1389DE67CE,3,"매장명: 프롬**************
소속 군집: Cluster 3
[강점 요약]
- 두드러진 강점이 확인되지 않았습니다.
[개선 권장]
- 매출 둔화: 최근 매출 등급이 군집 평균보다 낮습니다. (단계: 심각)"
0E47B24887,3,"매장명: 라파**
소속 군집: Cluster 3
[강점 요약]
- 두드러진 강점이 확인되지 않았습니다.
[개선 권장]
- 충성 고객 약화: 단골 고객 비중이 낮아 재방문 유도가 필요합니다. (단계: 관찰)"
71725E8FB3,3,"매장명: 커피*************
소속 군집: Cluster 3
[강점 요약]
- 신규 고객 유입 호조: 신규 고객 비중이 군집 평균보다 높습니다.
[개선 권장]
- 충성 고객 약화: 단골 고객 비중이 낮아 재방문 유도가 필요합니다. (단계: 심각)
- 매출 둔화: 최근 매출 등급이 군집 평균보다 낮습니다. (단계: 심각)"
8DDCE4944D,0,"매장명: 피리**
소속 군집: Cluster 0
[강점 요약]
- 매출 호조: 최근 매출 등급이 군집 평균보다 높습니다.
[개선 권장]
- 충성 고객 약화: 단골 고객 비중이 낮아 재방문 유도가 필요합니다. (단계: 주의)"
598E46F283,3,"매장명: 씨에*****************
소속 군집: Cluster 3
[강점 요약]
- 두드러진 강점이 확인되지 않았습니다.
[개선 권장]
- 긴급 개선 항목이 확인되지 않았습니다."
EB2F2101D0,0,"매장명: 할리*********
소속 군집: Cluster 0
[강점 요약]
- 신규 고객 유입 호조: 신규 고객 비중이 군집 평균보다 높습니다.
[개선 권장]
- 충성 고객 약화: 단골 고객 비중이 낮아 재방문 유도가 필요합니다. (단계: 관찰)
- 매출 둔화: 최근 매출 등급이 군집 평균보다 낮습니다. (단계: 관찰)"
0C8BE8ECAD,0,"매장명: nan
소속 군집: Cluster 0
[강점 요약]
- 충성 고객 강점: 단골 고객 비중이 군집 평균보다 높습니다.
- 매출 호조: 최근 매출 등급이 군집 평균보다 높습니다.
[개선 권장]
- 긴급 개선 항목이 확인되지 않았습니다."
C6BCB34B2F,2,"매장명: 상왕******
소속 군집: Cluster 2
[강점 요약]
- 충성 고객 강점: 단골 고객 비중이 군집 평균보다 높습니다.
- 매출 호조: 최근 매출 등급이 군집 평균보다 높습니다.
[개선 권장]
- 긴급 개선 항목이 확인되지 않았습니다."
627F539A91,2,"매장명: 비터*****
소속 군집: Cluster 2
[강점 요약]
- 매출 호조: 최근 매출 등급이 군집 평균보다 높습니다.
[개선 권장]
- 긴급 개선 항목이 확인되지 않았습니다."
6DFE8B7651,0,"매장명: 카페******************
소속 군집: Cluster 0
[강점 요약]
- 충성 고객 강점: 단골 고객 비중이 군집 평균보다 높습니다.
[개선 권장]
- 매출 둔화: 최근 매출 등급이 군집 평균보다 낮습니다. (단계: 관찰)"
AA351B2BFF,0,"매장명: 바이*********
소속 군집: Cluster 0
[강점 요약]
- 두드러진 강점이 확인되지 않았습니다.
[개선 권장]
- 충성 고객 약화: 단골 고객 비중이 낮아 재방문 유도가 필요합니다. (단계: 주의)
- 매출 둔화: 최근 매출 등급이 군집 평균보다 낮습니다. (단계: 심각)"
7B038FEF47,0,"매장명: 포어**
소속 군집: Cluster 0
[강점 요약]
- 두드러진 강점이 확인되지 않았습니다.
[개선 권장]
- 충성 고객 약화: 단골 고객 비중이 낮아 재방문 유도가 필요합니다. (단계: 관찰)
- 매출 둔화: 최근 매출 등급이 군집 평균보다 낮습니다. (단계: 관찰)"
BE646F48C4,3,"매장명: 카페***
소속 군집: Cluster 3
[강점 요약]
- 매출 호조: 최근 매출 등급이 군집 평균보다 높습니다.
[개선 권장]
- 긴급 개선 항목이 확인되지 않았습니다."
499F119A8A,3,"매장명: Ca**************
소속 군집: Cluster 3
[강점 요약]
- 매출 호조: 최근 매출 등급이 군집 평균보다 높습니다.
[개선 권장]
- 충성 고객 약화: 단골 고객 비중이 낮아 재방문 유도가 필요합니다. (단계: 관찰)"
B2240E407A,0,"매장명: 에이*********
소속 군집: Cluster 0
[강점 요약]
- 두드러진 강점이 확인되지 않았습니다.
[개선 권장]
- 충성 고객 약화: 단골 고객 비중이 낮아 재방문 유도가 필요합니다. (단계: 주의)
- 매출 둔화: 최근 매출 등급이 군집 평균보다 낮습니다. (단계: 심각)"
DD0FCFEDE6,3,"매장명: 메가*********
소속 군집: Cluster 3
[강점 요약]
- 배달 채널 강점: 배달 매출 비중이 군집 평균을 웃돌고 있습니다.
[개선 권장]
- 매출 둔화: 최근 매출 등급이 군집 평균보다 낮습니다. (단계: 심각)"
3DE5786D97,0,"매장명: nan
소속 군집: Cluster 0
[강점 요약]
- 매출 호조: 최근 매출 등급이 군집 평균보다 높습니다.
[개선 권장]
- 충성 고객 약화: 단골 고객 비중이 낮아 재방문 유도가 필요합니다. (단계: 관찰)
- 신규 고객 유입 부족: 신규 고객 비중이 낮으니 외부 노출과 프로모션을 검토하세요. (단계: 주의)"
19FD619523,0,"매장명: 오카*****
소속 군집: Cluster 0
[강점 요약]
- 충성 고객 강점: 단골 고객 비중이 군집 평균보다 높습니다.
- 매출 호조: 최근 매출 등급이 군집 평균보다 높습니다.
[개선 권장]
- 긴급 개선 항목이 확인되지 않았습니다."
3D65A21626,3,"매장명: 컴포***********
소속 군집: Cluster 3
[강점 요약]
- 충성 고객 강점: 단골 고객 비중이 군집 평균보다 높습니다.
[개선 권장]
- 매출 둔화: 최근 매출 등급이 군집 평균보다 낮습니다. (단계: 심각)"
383481B7AC,0,"매장명: 모센***********
소속 군집: Cluster 0
[강점 요약]
- 두드러진 강점이 확인되지 않았습니다.
[개선 권장]
- 충성 고객 약화: 단골 고객 비중이 낮아 재방문 유도가 필요합니다. (단계: 주의)
- 매출 둔화: 최근 매출 등급이 군집 평균보다 낮습니다. (단계: 관찰)"
FC69270591,0,"매장명: 미그**************
소속 군집: Cluster 0
[강점 요약]
- 충성 고객 강점: 단골 고객 비중이 군집 평균보다 높습니다.
[개선 권장]
- 매출 둔화: 최근 매출 등급이 군집 평균보다 낮습니다. (단계: 관찰)"
02EECADFE6,0,"매장명: nan
소속 군집: Cluster 0
[강점 요약]
- 신규 고객 유입 호조: 신규 고객 비중이 군집 평균보다 높습니다.
[개선 권장]
- 충성 고객 약화: 단골 고객 비중이 낮아 재방문 유도가 필요합니다. (단계: 심각)
- 매출 둔화: 최근 매출 등급이 군집 평균보다 낮습니다. (단계: 관찰)"
8D7C69A199,0,"매장명: 커피**********
소속 군집: Cluster 0
[강점 요약]
- 매출 호조: 최근 매출 등급이 군집 평균보다 높습니다.
[개선 권장]
- 긴급 개선 항목이 확인되지 않았습니다."
995D6B6C92,0,"매장명: 에토******
소속 군집: Cluster 0
[강점 요약]
- 매출 호조: 최근 매출 등급이 군집 평균보다 높습니다.
[개선 권장]
- 충성 고객 약화: 단골 고객 비중이 낮아 재방문 유도가 필요합니다. (단계: 주의)"
1AF84D2DC1,2,"매장명: 어폴******
소속 군집: Cluster 2
[강점 요약]
- 충성 고객 강점: 단골 고객 비중이 군집 평균보다 높습니다.
- 매출 호조: 최근 매출 등급이 군집 평균보다 높습니다.
[개선 권장]
- 신규 고객 유입 부족: 신규 고객 비중이 낮으니 외부 노출과 프로모션을 검토하세요. (단계: 심각)"
809BEAA13A,0,"매장명: 럭럭**
소속 군집: Cluster 0
[강점 요약]
- 매출 호조: 최근 매출 등급이 군집 평균보다 높습니다.
[개선 권장]
- 충성 고객 약화: 단골 고객 비중이 낮아 재방문 유도가 필요합니다. (단계: 주의)"
055A2785B9,3,"매장명: 커피***********
소속 군집: Cluster 3
[강점 요약]
- 두드러진 강점이 확인되지 않았습니다.
[개선 권장]
- 긴급 개선 항목이 확인되지 않았습니다."
46401389CA,0,"매장명: 호랭***
소속 군집: Cluster 0
[강점 요약]
- 신규 고객 유입 호조: 신규 고객 비중이 군집 평균보다 높습니다.
- 매출 호조: 최근 매출 등급이 군집 평균보다 높습니다.
[개선 권장]
- 긴급 개선 항목이 확인되지 않았습니다."
10BF2110CC,0,"매장명: 올드*********
소속 군집: Cluster 0
[강점 요약]
- 신규 고객 유입 호조: 신규 고객 비중이 군집 평균보다 높습니다.
- 매출 호조: 최근 매출 등급이 군집 평균보다 높습니다.
[개선 권장]
- 충성 고객 약화: 단골 고객 비중이 낮아 재방문 유도가 필요합니다. (단계: 주의)"
AC3DCE45BE,0,"매장명: 컴포*********
소속 군집: Cluster 0
[강점 요약]
- 충성 고객 강점: 단골 고객 비중이 군집 평균보다 높습니다.
[개선 권장]
- 매출 둔화: 최근 매출 등급이 군집 평균보다 낮습니다. (단계: 관찰)"
F1758BF01F,3,"매장명: 바오*********
소속 군집: Cluster 3
[강점 요약]
- 배달 채널 강점: 배달 매출 비중이 군집 평균을 웃돌고 있습니다.
[개선 권장]
- 긴급 개선 항목이 확인되지 않았습니다."
CEC2707AF8,0,"매장명: 컴포**********
소속 군집: Cluster 0
[강점 요약]
- 충성 고객 강점: 단골 고객 비중이 군집 평균보다 높습니다.
[개선 권장]
- 매출 둔화: 최근 매출 등급이 군집 평균보다 낮습니다. (단계: 심각)"
5DEC65272B,3,"매장명: nan
소속 군집: Cluster 3
[강점 요약]
- 충성 고객 강점: 단골 고객 비중이 군집 평균보다 높습니다.
- 신규 고객 유입 호조: 신규 고객 비중이 군집 평균보다 높습니다.
[개선 권장]
- 매출 둔화: 최근 매출 등급이 군집 평균보다 낮습니다. (단계: 심각)"
BC04FDC81C,0,"매장명: 미디***
소속 군집: Cluster 0
[강점 요약]
- 신규 고객 유입 호조: 신규 고객 비중이 군집 평균보다 높습니다.
- 매출 호조: 최근 매출 등급이 군집 평균보다 높습니다.
[개선 권장]
- 충성 고객 약화: 단골 고객 비중이 낮아 재방문 유도가 필요합니다. (단계: 심각)"
77DBEC55AD,0,"매장명: 카모*****
소속 군집: Cluster 0
[강점 요약]
- 매출 호조: 최근 매출 등급이 군집 평균보다 높습니다.
[개선 권장]
- 긴급 개선 항목이 확인되지 않았습니다."
EBE0962975,3,"매장명: 이디***********************
소속 군집: Cluster 3
[강점 요약]
- 배달 채널 강점: 배달 매출 비중이 군집 평균을 웃돌고 있습니다.
[개선 권장]
- 매출 둔화: 최근 매출 등급이 군집 평균보다 낮습니다. (단계: 심각)"
E474B338BD,0,"매장명: 레스***********
소속 군집: Cluster 0
[강점 요약]
- 충성 고객 강점: 단골 고객 비중이 군집 평균보다 높습니다.
- 매출 호조: 최근 매출 등급이 군집 평균보다 높습니다.
[개선 권장]
- 긴급 개선 항목이 확인되지 않았습니다."
94502BA9DC,0,"매장명: 묘*
소속 군집: Cluster 0
[강점 요약]
- 매출 호조: 최근 매출 등급이 군집 평균보다 높습니다.
[개선 권장]
- 충성 고객 약화: 단골 고객 비중이 낮아 재방문 유도가 필요합니다. (단계: 주의)
- 신규 고객 유입 부족: 신규 고객 비중이 낮으니 외부 노출과 프로모션을 검토하세요. (단계: 관찰)"
650886D9B9,3,"매장명: 인바**
소속 군집: Cluster 3
[강점 요약]
- 신규 고객 유입 호조: 신규 고객 비중이 군집 평균보다 높습니다.
[개선 권장]
- 긴급 개선 항목이 확인되지 않았습니다."
5B1F2A7BA9,3,"매장명: 매머************
소속 군집: Cluster 3
[강점 요약]
- 충성 고객 강점: 단골 고객 비중이 군집 평균보다 높습니다.
- 배달 채널 강점: 배달 매출 비중이 군집 평균을 웃돌고 있습니다.
[개선 권장]
- 긴급 개선 항목이 확인되지 않았습니다."
5BFB461F3A,0,"매장명: 매머************
소속 군집: Cluster 0
[강점 요약]
- 충성 고객 강점: 단골 고객 비중이 군집 평균보다 높습니다.
[개선 권장]
- 매출 둔화: 최근 매출 등급이 군집 평균보다 낮습니다. (단계: 관찰)"
7F155740AA,2,"매장명: nan
소속 군집: Cluster 2
[강점 요약]
- 신규 고객 유입 호조: 신규 고객 비중이 군집 평균보다 높습니다.
- 매출 호조: 최근 매출 등급이 군집 평균보다 높습니다.
[개선 권장]
- 충성 고객 약화: 단골 고객 비중이 낮아 재방문 유도가 필요합니다. (단계: 심각)"
F05842A4EB,2,"매장명: 옥수************************
소속 군집: Cluster 2
[강점 요약]
- 매출 호조: 최근 매출 등급이 군집 평균보다 높습니다.
[개선 권장]
- 신규 고객 유입 부족: 신규 고객 비중이 낮으니 외부 노출과 프로모션을 검토하세요. (단계: 주의)"
6B61E9F331,0,"매장명: 어퍼************
소속 군집: Cluster 0
[강점 요약]
- 두드러진 강점이 확인되지 않았습니다.
[개선 권장]
- 충성 고객 약화: 단골 고객 비중이 낮아 재방문 유도가 필요합니다. (단계: 관찰)
- 매출 둔화: 최근 매출 등급이 군집 평균보다 낮습니다. (단계: 관찰)"
FDC922ABCE,0,"매장명: 라*
소속 군집: Cluster 0
[강점 요약]
- 매출 호조: 최근 매출 등급이 군집 평균보다 높습니다.
[개선 권장]
- 충성 고객 약화: 단골 고객 비중이 낮아 재방문 유도가 필요합니다. (단계: 주의)"
F1157A79D0,3,"매장명: 투썸***********
소속 군집: Cluster 3
[강점 요약]
- 배달 채널 강점: 배달 매출 비중이 군집 평균을 웃돌고 있습니다.
[개선 권장]
- 매출 둔화: 최근 매출 등급이 군집 평균보다 낮습니다. (단계: 심각)"
81A9553F88,0,"매장명: 굴*
소속 군집: Cluster 0
[강점 요약]
- 매출 호조: 최근 매출 등급이 군집 평균보다 높습니다.
[개선 권장]
- 신규 고객 유입 부족: 신규 고객 비중이 낮으니 외부 노출과 프로모션을 검토하세요. (단계: 관찰)"
9AB9BE98E4,0,"매장명: nan
소속 군집: Cluster 0
[강점 요약]
- 매출 호조: 최근 매출 등급이 군집 평균보다 높습니다.
[개선 권장]
- 충성 고객 약화: 단골 고객 비중이 낮아 재방문 유도가 필요합니다. (단계: 심각)"
72AA2FB49E,3,"매장명: 투썸************
소속 군집: Cluster 3
[강점 요약]
- 배달 채널 강점: 배달 매출 비중이 군집 평균을 웃돌고 있습니다.
[개선 권장]
- 매출 둔화: 최근 매출 등급이 군집 평균보다 낮습니다. (단계: 심각)"
EEFB21D12B,0,"매장명: 카페**************
소속 군집: Cluster 0
[강점 요약]
- 매출 호조: 최근 매출 등급이 군집 평균보다 높습니다.
[개선 권장]
- 충성 고객 약화: 단골 고객 비중이 낮아 재방문 유도가 필요합니다. (단계: 심각)"
5A0D48A713,3,"매장명: 카페***
소속 군집: Cluster 3
[강점 요약]
- 두드러진 강점이 확인되지 않았습니다.
[개선 권장]
- 긴급 개선 항목이 확인되지 않았습니다."
48D0F061EB,3,"매장명: 카페***************
소속 군집: Cluster 3
[강점 요약]
- 두드러진 강점이 확인되지 않았습니다.
[개선 권장]
- 긴급 개선 항목이 확인되지 않았습니다."
120283327E,3,"매장명: 카페***
소속 군집: Cluster 3
[강점 요약]
- 매출 호조: 최근 매출 등급이 군집 평균보다 높습니다.
[개선 권장]
- 긴급 개선 항목이 확인되지 않았습니다."
5E30D7653F,1,"매장명: 카멜****************
소속 군집: Cluster 1
[강점 요약]
- 두드러진 강점이 확인되지 않았습니다.
[개선 권장]
- 충성 고객 약화: 단골 고객 비중이 낮아 재방문 유도가 필요합니다. (단계: 주의)
- 배달 채널 약점: 배달 채널 활용도가 낮습니다. (단계: 심각)
- 매출 둔화: 최근 매출 등급이 군집 평균보다 낮습니다. (단계: 심각)"
B8C1E9F4C6,0,"매장명: 오*
소속 군집: Cluster 0
[강점 요약]
- 충성 고객 강점: 단골 고객 비중이 군집 평균보다 높습니다.
- 매출 호조: 최근 매출 등급이 군집 평균보다 높습니다.
[개선 권장]
- 신규 고객 유입 부족: 신규 고객 비중이 낮으니 외부 노출과 프로모션을 검토하세요. (단계: 관찰)"
5653B531F7,0,"매장명: nan
소속 군집: Cluster 0
[강점 요약]
- 충성 고객 강점: 단골 고객 비중이 군집 평균보다 높습니다.
[개선 권장]
- 매출 둔화: 최근 매출 등급이 군집 평균보다 낮습니다. (단계: 관찰)"
8532D4C362,0,"매장명: 그린******
소속 군집: Cluster 0
[강점 요약]
- 충성 고객 강점: 단골 고객 비중이 군집 평균보다 높습니다.
- 매출 호조: 최근 매출 등급이 군집 평균보다 높습니다.
[개선 권장]
- 긴급 개선 항목이 확인되지 않았습니다."
6DF56DD3F4,1,"매장명: 커스*******
소속 군집: Cluster 1
[강점 요약]
- 충성 고객 강점: 단골 고객 비중이 군집 평균보다 높습니다.
[개선 권장]
- 배달 채널 약점: 배달 채널 활용도가 낮습니다. (단계: 심각)
- 매출 둔화: 최근 매출 등급이 군집 평균보다 낮습니다. (단계: 심각)"
2F2BBD5117,3,"매장명: nan
소속 군집: Cluster 3
[강점 요약]
- 충성 고객 강점: 단골 고객 비중이 군집 평균보다 높습니다.
[개선 권장]
- 긴급 개선 항목이 확인되지 않았습니다."
1676020CB1,2,"매장명: nan
소속 군집: Cluster 2
[강점 요약]
- 신규 고객 유입 호조: 신규 고객 비중이 군집 평균보다 높습니다.
[개선 권장]
- 충성 고객 약화: 단골 고객 비중이 낮아 재방문 유도가 필요합니다. (단계: 심각)
- 매출 둔화: 최근 매출 등급이 군집 평균보다 낮습니다. (단계: 심각)"
B113A0DC35,0,"매장명: 오버********
소속 군집: Cluster 0
[강점 요약]
- 배달 채널 강점: 배달 매출 비중이 군집 평균을 웃돌고 있습니다.
[개선 권장]
- 충성 고객 약화: 단골 고객 비중이 낮아 재방문 유도가 필요합니다. (단계: 주의)
- 매출 둔화: 최근 매출 등급이 군집 평균보다 낮습니다. (단계: 관찰)"
00F54829E1,3,"매장명: 카페***
소속 군집: Cluster 3
[강점 요약]
- 두드러진 강점이 확인되지 않았습니다.
[개선 권장]
- 긴급 개선 항목이 확인되지 않았습니다."
FAB0188A01,0,"매장명: 비엔************
소속 군집: Cluster 0
[강점 요약]
- 두드러진 강점이 확인되지 않았습니다.
[개선 권장]
- 충성 고객 약화: 단골 고객 비중이 낮아 재방문 유도가 필요합니다. (단계: 관찰)
- 매출 둔화: 최근 매출 등급이 군집 평균보다 낮습니다. (단계: 심각)"
9ED42062FD,0,"매장명: 탐앤***********
소속 군집: Cluster 0
[강점 요약]
- 충성 고객 강점: 단골 고객 비중이 군집 평균보다 높습니다.
- 배달 채널 강점: 배달 매출 비중이 군집 평균을 웃돌고 있습니다.
[개선 권장]
- 매출 둔화: 최근 매출 등급이 군집 평균보다 낮습니다. (단계: 관찰)"
13F02B91F6,0,"매장명: 그*
소속 군집: Cluster 0
[강점 요약]
- 매출 호조: 최근 매출 등급이 군집 평균보다 높습니다.
[개선 권장]
- 충성 고객 약화: 단골 고객 비중이 낮아 재방문 유도가 필요합니다. (단계: 주의)"
BE8BE0B9CF,3,"매장명: 오솜**
소속 군집: Cluster 3
[강점 요약]
- 충성 고객 강점: 단골 고객 비중이 군집 평균보다 높습니다.
[개선 권장]
- 긴급 개선 항목이 확인되지 않았습니다."
21A130787D,1,"매장명: 플러**********
소속 군집: Cluster 1
[강점 요약]
- 신규 고객 유입 호조: 신규 고객 비중이 군집 평균보다 높습니다.
- 배달 채널 강점: 배달 매출 비중이 군집 평균을 웃돌고 있습니다.
[개선 권장]
- 충성 고객 약화: 단골 고객 비중이 낮아 재방문 유도가 필요합니다. (단계: 주의)
- 매출 둔화: 최근 매출 등급이 군집 평균보다 낮습니다. (단계: 관찰)"
5B0E07A8BA,3,"매장명: 성수******************
소속 군집: Cluster 3
[강점 요약]
- 매출 호조: 최근 매출 등급이 군집 평균보다 높습니다.
[개선 권장]
- 충성 고객 약화: 단골 고객 비중이 낮아 재방문 유도가 필요합니다. (단계: 관찰)"
0E7F1F5130,0,"매장명: 소*
소속 군집: Cluster 0
[강점 요약]
- 두드러진 강점이 확인되지 않았습니다.
[개선 권장]
- 매출 둔화: 최근 매출 등급이 군집 평균보다 낮습니다. (단계: 관찰)"
C45BC175C8,3,"매장명: 이디***
소속 군집: Cluster 3
[강점 요약]
- 두드러진 강점이 확인되지 않았습니다.
[개선 권장]
- 긴급 개선 항목이 확인되지 않았습니다."
6FE0E66A8A,0,"매장명: 이디*
소속 군집: Cluster 0
[강점 요약]
- 두드러진 강점이 확인되지 않았습니다.
[개선 권장]
- 충성 고객 약화: 단골 고객 비중이 낮아 재방문 유도가 필요합니다. (단계: 관찰)
- 매출 둔화: 최근 매출 등급이 군집 평균보다 낮습니다. (단계: 관찰)"
C078C96A10,0,"매장명: 피카***
소속 군집: Cluster 0
[강점 요약]
- 충성 고객 강점: 단골 고객 비중이 군집 평균보다 높습니다.
- 매출 호조: 최근 매출 등급이 군집 평균보다 높습니다.
[개선 권장]
- 긴급 개선 항목이 확인되지 않았습니다."
D21FE6A7B4,0,"매장명: 브루******
소속 군집: Cluster 0
[강점 요약]
- 두드러진 강점이 확인되지 않았습니다.
[개선 권장]
- 충성 고객 약화: 단골 고객 비중이 낮아 재방문 유도가 필요합니다. (단계: 주의)
- 매출 둔화: 최근 매출 등급이 군집 평균보다 낮습니다. (단계: 관찰)"
CA54464181,0,"매장명: 케익*****
소속 군집: Cluster 0
[강점 요약]
- 신규 고객 유입 호조: 신규 고객 비중이 군집 평균보다 높습니다.
- 매출 호조: 최근 매출 등급이 군집 평균보다 높습니다.
[개선 권장]
- 충성 고객 약화: 단골 고객 비중이 낮아 재방문 유도가 필요합니다. (단계: 심각)"
A2D9C941A9,3,"매장명: 메가***********
소속 군집: Cluster 3
[강점 요약]
- 충성 고객 강점: 단골 고객 비중이 군집 평균보다 높습니다.
[개선 권장]
- 매출 둔화: 최근 매출 등급이 군집 평균보다 낮습니다. (단계: 심각)"
274F7C9F52,0,"매장명: H커*****
소속 군집: Cluster 0
[강점 요약]
- 충성 고객 강점: 단골 고객 비중이 군집 평균보다 높습니다.
[개선 권장]
- 매출 둔화: 최근 매출 등급이 군집 평균보다 낮습니다. (단계: 관찰)"
9643B485DF,0,"매장명: 카페***
소속 군집: Cluster 0
[강점 요약]
- 매출 호조: 최근 매출 등급이 군집 평균보다 높습니다.
[개선 권장]
- 긴급 개선 항목이 확인되지 않았습니다."
FA526A8279,0,"매장명: 리사*******
소속 군집: Cluster 0
[강점 요약]
- 충성 고객 강점: 단골 고객 비중이 군집 평균보다 높습니다.
- 신규 고객 유입 호조: 신규 고객 비중이 군집 평균보다 높습니다.
- 매출 호조: 최근 매출 등급이 군집 평균보다 높습니다.
[개선 권장]
- 긴급 개선 항목이 확인되지 않았습니다."
15CFCB9040,0,"매장명: 옹근*
소속 군집: Cluster 0
[강점 요약]
- 두드러진 강점이 확인되지 않았습니다.
[개선 권장]
- 충성 고객 약화: 단골 고객 비중이 낮아 재방문 유도가 필요합니다. (단계: 심각)
- 매출 둔화: 최근 매출 등급이 군집 평균보다 낮습니다. (단계: 심각)"
9972114004,0,"매장명: 랑데********
소속 군집: Cluster 0
[강점 요약]
- 두드러진 강점이 확인되지 않았습니다.
[개선 권장]
- 충성 고객 약화: 단골 고객 비중이 낮아 재방문 유도가 필요합니다. (단계: 관찰)
- 매출 둔화: 최근 매출 등급이 군집 평균보다 낮습니다. (단계: 심각)"
7069AC584A,3,"매장명: 카이**
소속 군집: Cluster 3
[강점 요약]
- 충성 고객 강점: 단골 고객 비중이 군집 평균보다 높습니다.
[개선 권장]
- 긴급 개선 항목이 확인되지 않았습니다."
674011F2F1,3,"매장명: 스위*
소속 군집: Cluster 3
[강점 요약]
- 배달 채널 강점: 배달 매출 비중이 군집 평균을 웃돌고 있습니다.
[개선 권장]
- 긴급 개선 항목이 확인되지 않았습니다."
0487117D58,0,"매장명: 카페****************
소속 군집: Cluster 0
[강점 요약]
- 충성 고객 강점: 단골 고객 비중이 군집 평균보다 높습니다.
- 매출 호조: 최근 매출 등급이 군집 평균보다 높습니다.
[개선 권장]
- 긴급 개선 항목이 확인되지 않았습니다."
89D3C820E9,3,"매장명: 하피********
소속 군집: Cluster 3
[강점 요약]
- 두드러진 강점이 확인되지 않았습니다.
[개선 권장]
- 긴급 개선 항목이 확인되지 않았습니다."
268A868E38,0,"매장명: 이곳**********
소속 군집: Cluster 0
[강점 요약]
- 두드러진 강점이 확인되지 않았습니다.
[개선 권장]
- 충성 고객 약화: 단골 고객 비중이 낮아 재방문 유도가 필요합니다. (단계: 주의)
- 매출 둔화: 최근 매출 등급이 군집 평균보다 낮습니다. (단계: 관찰)"
B0A6B628D3,0,"매장명: 샵 *********
소속 군집: Cluster 0
[강점 요약]
- 충성 고객 강점: 단골 고객 비중이 군집 평균보다 높습니다.
[개선 권장]
- 신규 고객 유입 부족: 신규 고객 비중이 낮으니 외부 노출과 프로모션을 검토하세요. (단계: 관찰)
- 매출 둔화: 최근 매출 등급이 군집 평균보다 낮습니다. (단계: 관찰)"
75296C3F60,3,"매장명: 원빈**********
소속 군집: Cluster 3
[강점 요약]
- 충성 고객 강점: 단골 고객 비중이 군집 평균보다 높습니다.
[개선 권장]
- 긴급 개선 항목이 확인되지 않았습니다."
4AB5E20EE4,0,"매장명: 커피***
소속 군집: Cluster 0
[강점 요약]
- 충성 고객 강점: 단골 고객 비중이 군집 평균보다 높습니다.
- 매출 호조: 최근 매출 등급이 군집 평균보다 높습니다.
[개선 권장]
- 신규 고객 유입 부족: 신규 고객 비중이 낮으니 외부 노출과 프로모션을 검토하세요. (단계: 관찰)"
8E3B9888E3,0,"매장명: 맨스****
소속 군집: Cluster 0
[강점 요약]
- 충성 고객 강점: 단골 고객 비중이 군집 평균보다 높습니다.
[개선 권장]
- 매출 둔화: 최근 매출 등급이 군집 평균보다 낮습니다. (단계: 관찰)"
FEAAE06C47,0,"매장명: nan
소속 군집: Cluster 0
[강점 요약]
- 매출 호조: 최근 매출 등급이 군집 평균보다 높습니다.
[개선 권장]
- 충성 고객 약화: 단골 고객 비중이 낮아 재방문 유도가 필요합니다. (단계: 관찰)"
3CBD6CE416,1,"매장명: 요커***********
소속 군집: Cluster 1
[강점 요약]
- 충성 고객 강점: 단골 고객 비중이 군집 평균보다 높습니다.
- 배달 채널 강점: 배달 매출 비중이 군집 평균을 웃돌고 있습니다.
- 매출 호조: 최근 매출 등급이 군집 평균보다 높습니다.
[개선 권장]
- 신규 고객 유입 부족: 신규 고객 비중이 낮으니 외부 노출과 프로모션을 검토하세요. (단계: 관찰)"
82D491E6AB,0,"매장명: nan
소속 군집: Cluster 0
[강점 요약]
- 신규 고객 유입 호조: 신규 고객 비중이 군집 평균보다 높습니다.
- 배달 채널 강점: 배달 매출 비중이 군집 평균을 웃돌고 있습니다.
- 매출 호조: 최근 매출 등급이 군집 평균보다 높습니다.
[개선 권장]
- 긴급 개선 항목이 확인되지 않았습니다."
E4E4B45D06,3,"매장명: 카페***
소속 군집: Cluster 3
[강점 요약]
- 충성 고객 강점: 단골 고객 비중이 군집 평균보다 높습니다.
- 매출 호조: 최근 매출 등급이 군집 평균보다 높습니다.
[개선 권장]
- 긴급 개선 항목이 확인되지 않았습니다."
FCA7A6787B,3,"매장명: 로스*****
소속 군집: Cluster 3
[강점 요약]
- 매출 호조: 최근 매출 등급이 군집 평균보다 높습니다.
[개선 권장]
- 긴급 개선 항목이 확인되지 않았습니다."
8B23667254,0,"매장명: 젠젠****
소속 군집: Cluster 0
[강점 요약]
- 배달 채널 강점: 배달 매출 비중이 군집 평균을 웃돌고 있습니다.
[개선 권장]
- 충성 고객 약화: 단골 고객 비중이 낮아 재방문 유도가 필요합니다. (단계: 심각)
- 매출 둔화: 최근 매출 등급이 군집 평균보다 낮습니다. (단계: 심각)"
6779202960,1,"매장명: 와츠*
소속 군집: Cluster 1
[강점 요약]
- 배달 채널 강점: 배달 매출 비중이 군집 평균을 웃돌고 있습니다.
- 매출 호조: 최근 매출 등급이 군집 평균보다 높습니다.
[개선 권장]
- 긴급 개선 항목이 확인되지 않았습니다."
167F268F8E,3,"매장명: 돔카*
소속 군집: Cluster 3
[강점 요약]
- 충성 고객 강점: 단골 고객 비중이 군집 평균보다 높습니다.
- 매출 호조: 최근 매출 등급이 군집 평균보다 높습니다.
[개선 권장]
- 긴급 개선 항목이 확인되지 않았습니다."
A0A1FF8F0B,0,"매장명: 시즈*********
소속 군집: Cluster 0
[강점 요약]
- 매출 호조: 최근 매출 등급이 군집 평균보다 높습니다.
[개선 권장]
- 충성 고객 약화: 단골 고객 비중이 낮아 재방문 유도가 필요합니다. (단계: 관찰)
- 신규 고객 유입 부족: 신규 고객 비중이 낮으니 외부 노출과 프로모션을 검토하세요. (단계: 관찰)"
158A1920D0,3,"매장명: 레몬*
소속 군집: Cluster 3
[강점 요약]
- 신규 고객 유입 호조: 신규 고객 비중이 군집 평균보다 높습니다.
[개선 권장]
- 긴급 개선 항목이 확인되지 않았습니다."
F0082429E9,0,"매장명: 투썸***************
소속 군집: Cluster 0
[강점 요약]
- 배달 채널 강점: 배달 매출 비중이 군집 평균을 웃돌고 있습니다.
[개선 권장]
- 충성 고객 약화: 단골 고객 비중이 낮아 재방문 유도가 필요합니다. (단계: 주의)
- 매출 둔화: 최근 매출 등급이 군집 평균보다 낮습니다. (단계: 심각)"
4E5DEDBDDC,3,"매장명: 바리*******
소속 군집: Cluster 3
[강점 요약]
- 두드러진 강점이 확인되지 않았습니다.
[개선 권장]
- 긴급 개선 항목이 확인되지 않았습니다."
CB42B1688B,3,"매장명: 카페*************
소속 군집: Cluster 3
[강점 요약]
- 신규 고객 유입 호조: 신규 고객 비중이 군집 평균보다 높습니다.
- 매출 호조: 최근 매출 등급이 군집 평균보다 높습니다.
[개선 권장]
- 충성 고객 약화: 단골 고객 비중이 낮아 재방문 유도가 필요합니다. (단계: 주의)"
5595AE45A8,0,"매장명: 커피*****
소속 군집: Cluster 0
[강점 요약]
- 매출 호조: 최근 매출 등급이 군집 평균보다 높습니다.
[개선 권장]
- 긴급 개선 항목이 확인되지 않았습니다."
FEE6966193,3,"매장명: nan
소속 군집: Cluster 3
[강점 요약]
- 충성 고객 강점: 단골 고객 비중이 군집 평균보다 높습니다.
[개선 권장]
- 긴급 개선 항목이 확인되지 않았습니다."
D72BC9D1A2,0,"매장명: 카페****
소속 군집: Cluster 0
[강점 요약]
- 충성 고객 강점: 단골 고객 비중이 군집 평균보다 높습니다.
[개선 권장]
- 신규 고객 유입 부족: 신규 고객 비중이 낮으니 외부 노출과 프로모션을 검토하세요. (단계: 관찰)
- 매출 둔화: 최근 매출 등급이 군집 평균보다 낮습니다. (단계: 관찰)"
535999101E,0,"매장명: 매머************
소속 군집: Cluster 0
[강점 요약]
- 충성 고객 강점: 단골 고객 비중이 군집 평균보다 높습니다.
- 배달 채널 강점: 배달 매출 비중이 군집 평균을 웃돌고 있습니다.
[개선 권장]
- 매출 둔화: 최근 매출 등급이 군집 평균보다 낮습니다. (단계: 관찰)"
DF8B176772,0,"매장명: 예셰*************
소속 군집: Cluster 0
[강점 요약]
- 충성 고객 강점: 단골 고객 비중이 군집 평균보다 높습니다.
- 매출 호조: 최근 매출 등급이 군집 평균보다 높습니다.
[개선 권장]
- 긴급 개선 항목이 확인되지 않았습니다."
F12D55091A,3,"매장명: nan
소속 군집: Cluster 3
[강점 요약]
- 매출 호조: 최근 매출 등급이 군집 평균보다 높습니다.
[개선 권장]
- 충성 고객 약화: 단골 고객 비중이 낮아 재방문 유도가 필요합니다. (단계: 심각)"
180F6A644D,0,"매장명: 컴포********
소속 군집: Cluster 0
[강점 요약]
- 두드러진 강점이 확인되지 않았습니다.
[개선 권장]
- 매출 둔화: 최근 매출 등급이 군집 평균보다 낮습니다. (단계: 관찰)"
DECBA9ED42,3,"매장명: 카운***
소속 군집: Cluster 3
[강점 요약]
- 매출 호조: 최근 매출 등급이 군집 평균보다 높습니다.
[개선 권장]
- 충성 고객 약화: 단골 고객 비중이 낮아 재방문 유도가 필요합니다. (단계: 관찰)"
6B62F6001E,0,"매장명: 유유**
소속 군집: Cluster 0
[강점 요약]
- 매출 호조: 최근 매출 등급이 군집 평균보다 높습니다.
[개선 권장]
- 충성 고객 약화: 단골 고객 비중이 낮아 재방문 유도가 필요합니다. (단계: 관찰)"
09A5C8DB83,3,"매장명: 누아*
소속 군집: Cluster 3
[강점 요약]
- 두드러진 강점이 확인되지 않았습니다.
[개선 권장]
- 충성 고객 약화: 단골 고객 비중이 낮아 재방문 유도가 필요합니다. (단계: 관찰)"
88106077FD,1,"매장명: 카페***
소속 군집: Cluster 1
[강점 요약]
- 매출 호조: 최근 매출 등급이 군집 평균보다 높습니다.
[개선 권장]
- 배달 채널 약점: 배달 채널 활용도가 낮습니다. (단계: 주의)"
D57855D6EF,3,"매장명: 르미**
소속 군집: Cluster 3
[강점 요약]
- 충성 고객 강점: 단골 고객 비중이 군집 평균보다 높습니다.
- 매출 호조: 최근 매출 등급이 군집 평균보다 높습니다.
[개선 권장]
- 긴급 개선 항목이 확인되지 않았습니다."
48C1483437,0,"매장명: 여백***
소속 군집: Cluster 0
[강점 요약]
- 충성 고객 강점: 단골 고객 비중이 군집 평균보다 높습니다.
- 매출 호조: 최근 매출 등급이 군집 평균보다 높습니다.
[개선 권장]
- 긴급 개선 항목이 확인되지 않았습니다."
770A25491E,0,"매장명: 메가**********
소속 군집: Cluster 0
[강점 요약]
- 충성 고객 강점: 단골 고객 비중이 군집 평균보다 높습니다.
[개선 권장]
- 매출 둔화: 최근 매출 등급이 군집 평균보다 낮습니다. (단계: 심각)"
56AB36BDAF,0,"매장명: 메탈***
소속 군집: Cluster 0
[강점 요약]
- 매출 호조: 최근 매출 등급이 군집 평균보다 높습니다.
[개선 권장]
- 충성 고객 약화: 단골 고객 비중이 낮아 재방문 유도가 필요합니다. (단계: 주의)"
AF12407D8A,0,"매장명: 짙은********
소속 군집: Cluster 0
[강점 요약]
- 두드러진 강점이 확인되지 않았습니다.
[개선 권장]
- 충성 고객 약화: 단골 고객 비중이 낮아 재방문 유도가 필요합니다. (단계: 관찰)
- 매출 둔화: 최근 매출 등급이 군집 평균보다 낮습니다. (단계: 관찰)"
BD237E8126,0,"매장명: nan
소속 군집: Cluster 0
[강점 요약]
- 두드러진 강점이 확인되지 않았습니다.
[개선 권장]
- 충성 고객 약화: 단골 고객 비중이 낮아 재방문 유도가 필요합니다. (단계: 심각)
- 매출 둔화: 최근 매출 등급이 군집 평균보다 낮습니다. (단계: 관찰)"
E72B5A0A41,0,"매장명: 이트****
소속 군집: Cluster 0
[강점 요약]
- 신규 고객 유입 호조: 신규 고객 비중이 군집 평균보다 높습니다.
[개선 권장]
- 충성 고객 약화: 단골 고객 비중이 낮아 재방문 유도가 필요합니다. (단계: 주의)
- 매출 둔화: 최근 매출 등급이 군집 평균보다 낮습니다. (단계: 관찰)"
9911CB0D95,3,"매장명: 둘*
소속 군집: Cluster 3
[강점 요약]
- 충성 고객 강점: 단골 고객 비중이 군집 평균보다 높습니다.
[개선 권장]
- 긴급 개선 항목이 확인되지 않았습니다."
842D25724F,0,"매장명: 투썸*********
소속 군집: Cluster 0
[강점 요약]
- 두드러진 강점이 확인되지 않았습니다.
[개선 권장]
- 매출 둔화: 최근 매출 등급이 군집 평균보다 낮습니다. (단계: 심각)"
387BDBCD80,1,"매장명: 웜히*
소속 군집: Cluster 1
[강점 요약]
- 매출 호조: 최근 매출 등급이 군집 평균보다 높습니다.
[개선 권장]
- 충성 고객 약화: 단골 고객 비중이 낮아 재방문 유도가 필요합니다. (단계: 심각)
- 배달 채널 약점: 배달 채널 활용도가 낮습니다. (단계: 관찰)"
2CF63CC8AA,0,"매장명: 타크******
소속 군집: Cluster 0
[강점 요약]
- 두드러진 강점이 확인되지 않았습니다.
[개선 권장]
- 충성 고객 약화: 단골 고객 비중이 낮아 재방문 유도가 필요합니다. (단계: 주의)
- 매출 둔화: 최근 매출 등급이 군집 평균보다 낮습니다. (단계: 관찰)"
A787679642,3,"매장명: 오픈********
소속 군집: Cluster 3
[강점 요약]
- 매출 호조: 최근 매출 등급이 군집 평균보다 높습니다.
[개선 권장]
- 충성 고객 약화: 단골 고객 비중이 낮아 재방문 유도가 필요합니다. (단계: 관찰)"
25B32948C5,2,"매장명: 어반**
소속 군집: Cluster 2
[강점 요약]
- 두드러진 강점이 확인되지 않았습니다.
[개선 권장]
- 신규 고객 유입 부족: 신규 고객 비중이 낮으니 외부 노출과 프로모션을 검토하세요. (단계: 심각)
- 매출 둔화: 최근 매출 등급이 군집 평균보다 낮습니다. (단계: 심각)"
D4B36C76C4,2,"매장명: 온*
소속 군집: Cluster 2
[강점 요약]
- 신규 고객 유입 호조: 신규 고객 비중이 군집 평균보다 높습니다.
- 매출 호조: 최근 매출 등급이 군집 평균보다 높습니다.
[개선 권장]
- 긴급 개선 항목이 확인되지 않았습니다."
9029249DA3,2,"매장명: 타입*
소속 군집: Cluster 2
[강점 요약]
- 두드러진 강점이 확인되지 않았습니다.
[개선 권장]
- 신규 고객 유입 부족: 신규 고객 비중이 낮으니 외부 노출과 프로모션을 검토하세요. (단계: 심각)
- 매출 둔화: 최근 매출 등급이 군집 평균보다 낮습니다. (단계: 관찰)"
5D9E5F8645,0,"매장명: 텐페***************
소속 군집: Cluster 0
[강점 요약]
- 충성 고객 강점: 단골 고객 비중이 군집 평균보다 높습니다.
- 매출 호조: 최근 매출 등급이 군집 평균보다 높습니다.
[개선 권장]
- 긴급 개선 항목이 확인되지 않았습니다."
D78D9659F1,1,"매장명: 메이***
소속 군집: Cluster 1
[강점 요약]
- 두드러진 강점이 확인되지 않았습니다.
[개선 권장]
- 배달 채널 약점: 배달 채널 활용도가 낮습니다. (단계: 주의)
- 매출 둔화: 최근 매출 등급이 군집 평균보다 낮습니다. (단계: 관찰)"
3593B2D487,0,"매장명: 스테************
소속 군집: Cluster 0
[강점 요약]
- 매출 호조: 최근 매출 등급이 군집 평균보다 높습니다.
[개선 권장]
- 충성 고객 약화: 단골 고객 비중이 낮아 재방문 유도가 필요합니다. (단계: 주의)"
0961D33241,3,"매장명: 까페*****************
소속 군집: Cluster 3
[강점 요약]
- 매출 호조: 최근 매출 등급이 군집 평균보다 높습니다.
[개선 권장]
- 긴급 개선 항목이 확인되지 않았습니다."
1DBC834628,2,"매장명: 커피**************
소속 군집: Cluster 2
[강점 요약]
- 충성 고객 강점: 단골 고객 비중이 군집 평균보다 높습니다.
- 배달 채널 강점: 배달 매출 비중이 군집 평균을 웃돌고 있습니다.
- 매출 호조: 최근 매출 등급이 군집 평균보다 높습니다.
[개선 권장]
- 신규 고객 유입 부족: 신규 고객 비중이 낮으니 외부 노출과 프로모션을 검토하세요. (단계: 관찰)"
2FB475D73E,0,"매장명: 오버**********
소속 군집: Cluster 0
[강점 요약]
- 충성 고객 강점: 단골 고객 비중이 군집 평균보다 높습니다.
- 배달 채널 강점: 배달 매출 비중이 군집 평균을 웃돌고 있습니다.
[개선 권장]
- 매출 둔화: 최근 매출 등급이 군집 평균보다 낮습니다. (단계: 관찰)"
730914BE0E,0,"매장명: 상왕**
소속 군집: Cluster 0
[강점 요약]
- 충성 고객 강점: 단골 고객 비중이 군집 평균보다 높습니다.
- 매출 호조: 최근 매출 등급이 군집 평균보다 높습니다.
[개선 권장]
- 신규 고객 유입 부족: 신규 고객 비중이 낮으니 외부 노출과 프로모션을 검토하세요. (단계: 관찰)"
C71D78655F,3,"매장명: 그레******
소속 군집: Cluster 3
[강점 요약]
- 충성 고객 강점: 단골 고객 비중이 군집 평균보다 높습니다.
- 배달 채널 강점: 배달 매출 비중이 군집 평균을 웃돌고 있습니다.
- 매출 호조: 최근 매출 등급이 군집 평균보다 높습니다.
[개선 권장]
- 긴급 개선 항목이 확인되지 않았습니다."
2E8B2318F2,0,"매장명: 스탠*****
소속 군집: Cluster 0
[강점 요약]
- 충성 고객 강점: 단골 고객 비중이 군집 평균보다 높습니다.
- 매출 호조: 최근 매출 등급이 군집 평균보다 높습니다.
[개선 권장]
- 긴급 개선 항목이 확인되지 않았습니다."
C3D4010F52,0,"매장명: 디디******
소속 군집: Cluster 0
[강점 요약]
- 신규 고객 유입 호조: 신규 고객 비중이 군집 평균보다 높습니다.
[개선 권장]
- 충성 고객 약화: 단골 고객 비중이 낮아 재방문 유도가 필요합니다. (단계: 심각)
- 매출 둔화: 최근 매출 등급이 군집 평균보다 낮습니다. (단계: 심각)"
A89BEC57A0,1,"매장명: 티아*********************************
소속 군집: Cluster 1
[강점 요약]
- 충성 고객 강점: 단골 고객 비중이 군집 평균보다 높습니다.
[개선 권장]
- 배달 채널 약점: 배달 채널 활용도가 낮습니다. (단계: 주의)
- 매출 둔화: 최근 매출 등급이 군집 평균보다 낮습니다. (단계: 심각)"
02FE4FD151,0,"매장명: 로우*****
소속 군집: Cluster 0
[강점 요약]
- 충성 고객 강점: 단골 고객 비중이 군집 평균보다 높습니다.
[개선 권장]
- 매출 둔화: 최근 매출 등급이 군집 평균보다 낮습니다. (단계: 심각)"
6C347DBCB1,0,"매장명: 레이********
소속 군집: Cluster 0
[강점 요약]
- 두드러진 강점이 확인되지 않았습니다.
[개선 권장]
- 충성 고객 약화: 단골 고객 비중이 낮아 재방문 유도가 필요합니다. (단계: 심각)
- 매출 둔화: 최근 매출 등급이 군집 평균보다 낮습니다. (단계: 심각)"
2AF934A41E,0,"매장명: 꼬모***********
소속 군집: Cluster 0
[강점 요약]
- 배달 채널 강점: 배달 매출 비중이 군집 평균을 웃돌고 있습니다.
[개선 권장]
- 충성 고객 약화: 단골 고객 비중이 낮아 재방문 유도가 필요합니다. (단계: 관찰)
- 매출 둔화: 최근 매출 등급이 군집 평균보다 낮습니다. (단계: 관찰)"
3DDD63B1FA,0,"매장명: 리글*
소속 군집: Cluster 0
[강점 요약]
- 매출 호조: 최근 매출 등급이 군집 평균보다 높습니다.
[개선 권장]
- 충성 고객 약화: 단골 고객 비중이 낮아 재방문 유도가 필요합니다. (단계: 주의)"
FA8BCD6DDD,3,"매장명: 트리***********
소속 군집: Cluster 3
[강점 요약]
- 충성 고객 강점: 단골 고객 비중이 군집 평균보다 높습니다.
[개선 권장]
- 긴급 개선 항목이 확인되지 않았습니다."
80E637212D,3,"매장명: 에스******
소속 군집: Cluster 3
[강점 요약]
- 매출 호조: 최근 매출 등급이 군집 평균보다 높습니다.
[개선 권장]
- 긴급 개선 항목이 확인되지 않았습니다."
FEB83042A5,0,"매장명: BL******
소속 군집: Cluster 0
[강점 요약]
- 두드러진 강점이 확인되지 않았습니다.
[개선 권장]
- 매출 둔화: 최근 매출 등급이 군집 평균보다 낮습니다. (단계: 관찰)"
33C513E513,0,"매장명: 맥코***********************
소속 군집: Cluster 0
[강점 요약]
- 두드러진 강점이 확인되지 않았습니다.
[개선 권장]
- 충성 고객 약화: 단골 고객 비중이 낮아 재방문 유도가 필요합니다. (단계: 관찰)
- 매출 둔화: 최근 매출 등급이 군집 평균보다 낮습니다. (단계: 심각)"
5BE0890F4A,0,"매장명: 더블*********
소속 군집: Cluster 0
[강점 요약]
- 두드러진 강점이 확인되지 않았습니다.
[개선 권장]
- 충성 고객 약화: 단골 고객 비중이 낮아 재방문 유도가 필요합니다. (단계: 관찰)
- 매출 둔화: 최근 매출 등급이 군집 평균보다 낮습니다. (단계: 관찰)"
6810C7C7CE,3,"매장명: 카페**
소속 군집: Cluster 3
[강점 요약]
- 매출 호조: 최근 매출 등급이 군집 평균보다 높습니다.
[개선 권장]
- 긴급 개선 항목이 확인되지 않았습니다."
474B033710,0,"매장명: 파스*******
소속 군집: Cluster 0
[강점 요약]
- 두드러진 강점이 확인되지 않았습니다.
[개선 권장]
- 매출 둔화: 최근 매출 등급이 군집 평균보다 낮습니다. (단계: 관찰)"
6CB3606866,0,"매장명: 투썸***************
소속 군집: Cluster 0
[강점 요약]
- 충성 고객 강점: 단골 고객 비중이 군집 평균보다 높습니다.
[개선 권장]
- 매출 둔화: 최근 매출 등급이 군집 평균보다 낮습니다. (단계: 심각)"
45FEE5DBC4,3,"매장명: 더커**************************
소속 군집: Cluster 3
[강점 요약]
- 충성 고객 강점: 단골 고객 비중이 군집 평균보다 높습니다.
[개선 권장]
- 신규 고객 유입 부족: 신규 고객 비중이 낮으니 외부 노출과 프로모션을 검토하세요. (단계: 관찰)
- 매출 둔화: 최근 매출 등급이 군집 평균보다 낮습니다. (단계: 심각)"
9F42371A46,3,"매장명: 커피**********
소속 군집: Cluster 3
[강점 요약]
- 두드러진 강점이 확인되지 않았습니다.
[개선 권장]
- 매출 둔화: 최근 매출 등급이 군집 평균보다 낮습니다. (단계: 심각)"
B88DBA7876,3,"매장명: 초코**
소속 군집: Cluster 3
[강점 요약]
- 매출 호조: 최근 매출 등급이 군집 평균보다 높습니다.
[개선 권장]
- 충성 고객 약화: 단골 고객 비중이 낮아 재방문 유도가 필요합니다. (단계: 관찰)"
4F4288168A,0,"매장명: 매머****************
소속 군집: Cluster 0
[강점 요약]
- 충성 고객 강점: 단골 고객 비중이 군집 평균보다 높습니다.
[개선 권장]
- 매출 둔화: 최근 매출 등급이 군집 평균보다 낮습니다. (단계: 관찰)"
58C2DD4547,3,"매장명: 빈플**
소속 군집: Cluster 3
[강점 요약]
- 두드러진 강점이 확인되지 않았습니다.
[개선 권장]
- 매출 둔화: 최근 매출 등급이 군집 평균보다 낮습니다. (단계: 심각)"
255821302B,0,"매장명: 이디********
소속 군집: Cluster 0
[강점 요약]
- 두드러진 강점이 확인되지 않았습니다.
[개선 권장]
- 충성 고객 약화: 단골 고객 비중이 낮아 재방문 유도가 필요합니다. (단계: 관찰)
- 매출 둔화: 최근 매출 등급이 군집 평균보다 낮습니다. (단계: 심각)"
50A2E31DF5,3,"매장명: 해리****************
소속 군집: Cluster 3
[강점 요약]
- 매출 호조: 최근 매출 등급이 군집 평균보다 높습니다.
[개선 권장]
- 신규 고객 유입 부족: 신규 고객 비중이 낮으니 외부 노출과 프로모션을 검토하세요. (단계: 관찰)"
AEF0DF6708,0,"매장명: 컴포**********
소속 군집: Cluster 0
[강점 요약]
- 충성 고객 강점: 단골 고객 비중이 군집 평균보다 높습니다.
- 배달 채널 강점: 배달 매출 비중이 군집 평균을 웃돌고 있습니다.
[개선 권장]
- 매출 둔화: 최근 매출 등급이 군집 평균보다 낮습니다. (단계: 관찰)"
035ADB2AA8,0,"매장명: 리커******
소속 군집: Cluster 0
[강점 요약]
- 충성 고객 강점: 단골 고객 비중이 군집 평균보다 높습니다.
- 매출 호조: 최근 매출 등급이 군집 평균보다 높습니다.
[개선 권장]
- 긴급 개선 항목이 확인되지 않았습니다."
44A9291640,0,"매장명: 후프***************
소속 군집: Cluster 0
[강점 요약]
- 매출 호조: 최근 매출 등급이 군집 평균보다 높습니다.
[개선 권장]
- 긴급 개선 항목이 확인되지 않았습니다."
21348D6015,1,"매장명: 렉*
소속 군집: Cluster 1
[강점 요약]
- 충성 고객 강점: 단골 고객 비중이 군집 평균보다 높습니다.
[개선 권장]
- 배달 채널 약점: 배달 채널 활용도가 낮습니다. (단계: 심각)
- 매출 둔화: 최근 매출 등급이 군집 평균보다 낮습니다. (단계: 심각)"
1E8F8916F6,0,"매장명: 스윗**
소속 군집: Cluster 0
[강점 요약]
- 신규 고객 유입 호조: 신규 고객 비중이 군집 평균보다 높습니다.
- 매출 호조: 최근 매출 등급이 군집 평균보다 높습니다.
[개선 권장]
- 긴급 개선 항목이 확인되지 않았습니다."
A2A41AAC50,3,"매장명: 이지***********
소속 군집: Cluster 3
[강점 요약]
- 두드러진 강점이 확인되지 않았습니다.
[개선 권장]
- 긴급 개선 항목이 확인되지 않았습니다."
CF11E9E059,0,"매장명: 매머***************
소속 군집: Cluster 0
[강점 요약]
- 충성 고객 강점: 단골 고객 비중이 군집 평균보다 높습니다.
[개선 권장]
- 매출 둔화: 최근 매출 등급이 군집 평균보다 낮습니다. (단계: 관찰)"
E7ADF04349,2,"매장명: nan
소속 군집: Cluster 2
[강점 요약]
- 신규 고객 유입 호조: 신규 고객 비중이 군집 평균보다 높습니다.
- 매출 호조: 최근 매출 등급이 군집 평균보다 높습니다.
[개선 권장]
- 충성 고객 약화: 단골 고객 비중이 낮아 재방문 유도가 필요합니다. (단계: 심각)"
E655648F43,0,"매장명: 구*
소속 군집: Cluster 0
[강점 요약]
- 충성 고객 강점: 단골 고객 비중이 군집 평균보다 높습니다.
[개선 권장]
- 매출 둔화: 최근 매출 등급이 군집 평균보다 낮습니다. (단계: 심각)"
1.71E+17,0,"매장명: 24*********
소속 군집: Cluster 0
[강점 요약]
- 충성 고객 강점: 단골 고객 비중이 군집 평균보다 높습니다.
- 매출 호조: 최근 매출 등급이 군집 평균보다 높습니다.
[개선 권장]
- 긴급 개선 항목이 확인되지 않았습니다."
EFEE980DF0,0,"매장명: 읍천***********
소속 군집: Cluster 0
[강점 요약]
- 충성 고객 강점: 단골 고객 비중이 군집 평균보다 높습니다.
- 배달 채널 강점: 배달 매출 비중이 군집 평균을 웃돌고 있습니다.
[개선 권장]
- 매출 둔화: 최근 매출 등급이 군집 평균보다 낮습니다. (단계: 관찰)"
80920DEE31,0,"매장명: nan
소속 군집: Cluster 0
[강점 요약]
- 신규 고객 유입 호조: 신규 고객 비중이 군집 평균보다 높습니다.
[개선 권장]
- 충성 고객 약화: 단골 고객 비중이 낮아 재방문 유도가 필요합니다. (단계: 심각)
- 매출 둔화: 최근 매출 등급이 군집 평균보다 낮습니다. (단계: 관찰)"
20CD5C4AB7,3,"매장명: nan
소속 군집: Cluster 3
[강점 요약]
- 배달 채널 강점: 배달 매출 비중이 군집 평균을 웃돌고 있습니다.
[개선 권장]
- 긴급 개선 항목이 확인되지 않았습니다."
56CCDF6E4B,0,"매장명: 커피*******
소속 군집: Cluster 0
[강점 요약]
- 매출 호조: 최근 매출 등급이 군집 평균보다 높습니다.
[개선 권장]
- 긴급 개선 항목이 확인되지 않았습니다."
2716FFD10A,0,"매장명: 소울*************************
소속 군집: Cluster 0
[강점 요약]
- 배달 채널 강점: 배달 매출 비중이 군집 평균을 웃돌고 있습니다.
- 매출 호조: 최근 매출 등급이 군집 평균보다 높습니다.
[개선 권장]
- 긴급 개선 항목이 확인되지 않았습니다."
E7EF031D24,3,"매장명: nan
소속 군집: Cluster 3
[강점 요약]
- 매출 호조: 최근 매출 등급이 군집 평균보다 높습니다.
[개선 권장]
- 신규 고객 유입 부족: 신규 고객 비중이 낮으니 외부 노출과 프로모션을 검토하세요. (단계: 관찰)"
AE54B681DC,3,"매장명: 스위****
소속 군집: Cluster 3
[강점 요약]
- 매출 호조: 최근 매출 등급이 군집 평균보다 높습니다.
[개선 권장]
- 충성 고객 약화: 단골 고객 비중이 낮아 재방문 유도가 필요합니다. (단계: 주의)"
F24F0E217A,0,"매장명: 피어***
소속 군집: Cluster 0
[강점 요약]
- 신규 고객 유입 호조: 신규 고객 비중이 군집 평균보다 높습니다.
- 배달 채널 강점: 배달 매출 비중이 군집 평균을 웃돌고 있습니다.
[개선 권장]
- 충성 고객 약화: 단골 고객 비중이 낮아 재방문 유도가 필요합니다. (단계: 관찰)
- 매출 둔화: 최근 매출 등급이 군집 평균보다 낮습니다. (단계: 심각)"
0AD9FBF8D6,3,"매장명: 블레**
소속 군집: Cluster 3
[강점 요약]
- 충성 고객 강점: 단골 고객 비중이 군집 평균보다 높습니다.
[개선 권장]
- 매출 둔화: 최근 매출 등급이 군집 평균보다 낮습니다. (단계: 심각)"
BDC0AED34F,0,"매장명: nan
소속 군집: Cluster 0
[강점 요약]
- 충성 고객 강점: 단골 고객 비중이 군집 평균보다 높습니다.
- 매출 호조: 최근 매출 등급이 군집 평균보다 높습니다.
[개선 권장]
- 신규 고객 유입 부족: 신규 고객 비중이 낮으니 외부 노출과 프로모션을 검토하세요. (단계: 관찰)"
00FDB35E9C,1,"매장명: 작은**
소속 군집: Cluster 1
[강점 요약]
- 충성 고객 강점: 단골 고객 비중이 군집 평균보다 높습니다.
[개선 권장]
- 배달 채널 약점: 배달 채널 활용도가 낮습니다. (단계: 심각)
- 매출 둔화: 최근 매출 등급이 군집 평균보다 낮습니다. (단계: 관찰)"
2485494277,3,"매장명: 센서*********************************
소속 군집: Cluster 3
[강점 요약]
- 두드러진 강점이 확인되지 않았습니다.
[개선 권장]
- 긴급 개선 항목이 확인되지 않았습니다."
05EE42C739,0,"매장명: 로우*
소속 군집: Cluster 0
[강점 요약]
- 두드러진 강점이 확인되지 않았습니다.
[개선 권장]
- 매출 둔화: 최근 매출 등급이 군집 평균보다 낮습니다. (단계: 심각)"
D5FAEB61B0,2,"매장명: 위윌*******************
소속 군집: Cluster 2
[강점 요약]
- 충성 고객 강점: 단골 고객 비중이 군집 평균보다 높습니다.
- 매출 호조: 최근 매출 등급이 군집 평균보다 높습니다.
[개선 권장]
- 신규 고객 유입 부족: 신규 고객 비중이 낮으니 외부 노출과 프로모션을 검토하세요. (단계: 심각)"
1DDB44FF35,0,"매장명: 기미*
소속 군집: Cluster 0
[강점 요약]
- 매출 호조: 최근 매출 등급이 군집 평균보다 높습니다.
[개선 권장]
- 신규 고객 유입 부족: 신규 고객 비중이 낮으니 외부 노출과 프로모션을 검토하세요. (단계: 관찰)"
1AE0F9961C,3,"매장명: 메가************
소속 군집: Cluster 3
[강점 요약]
- 충성 고객 강점: 단골 고객 비중이 군집 평균보다 높습니다.
- 배달 채널 강점: 배달 매출 비중이 군집 평균을 웃돌고 있습니다.
[개선 권장]
- 매출 둔화: 최근 매출 등급이 군집 평균보다 낮습니다. (단계: 심각)"
5B5AE038F6,3,"매장명: 에픽*****
소속 군집: Cluster 3
[강점 요약]
- 충성 고객 강점: 단골 고객 비중이 군집 평균보다 높습니다.
[개선 권장]
- 매출 둔화: 최근 매출 등급이 군집 평균보다 낮습니다. (단계: 심각)"
FCBDB3C308,2,"매장명: 블랙***
소속 군집: Cluster 2
[강점 요약]
- 매출 호조: 최근 매출 등급이 군집 평균보다 높습니다.
[개선 권장]
- 신규 고객 유입 부족: 신규 고객 비중이 낮으니 외부 노출과 프로모션을 검토하세요. (단계: 관찰)"
16F5C2A5B3,3,"매장명: 이디**********
소속 군집: Cluster 3
[강점 요약]
- 두드러진 강점이 확인되지 않았습니다.
[개선 권장]
- 충성 고객 약화: 단골 고객 비중이 낮아 재방문 유도가 필요합니다. (단계: 주의)
- 매출 둔화: 최근 매출 등급이 군집 평균보다 낮습니다. (단계: 심각)"
AF202842B3,3,"매장명: 커*
소속 군집: Cluster 3
[강점 요약]
- 매출 호조: 최근 매출 등급이 군집 평균보다 높습니다.
[개선 권장]
- 긴급 개선 항목이 확인되지 않았습니다."
003AC99735,3,"매장명: 메가************
소속 군집: Cluster 3
[강점 요약]
- 충성 고객 강점: 단골 고객 비중이 군집 평균보다 높습니다.
[개선 권장]
- 매출 둔화: 최근 매출 등급이 군집 평균보다 낮습니다. (단계: 심각)"
3AE8B97E90,0,"매장명: 파티********
소속 군집: Cluster 0
[강점 요약]
- 두드러진 강점이 확인되지 않았습니다.
[개선 권장]
- 충성 고객 약화: 단골 고객 비중이 낮아 재방문 유도가 필요합니다. (단계: 주의)
- 매출 둔화: 최근 매출 등급이 군집 평균보다 낮습니다. (단계: 관찰)"
ED968D5FD1,3,"매장명: 할리********
소속 군집: Cluster 3
[강점 요약]
- 두드러진 강점이 확인되지 않았습니다.
[개선 권장]
- 매출 둔화: 최근 매출 등급이 군집 평균보다 낮습니다. (단계: 심각)"
D731C6D372,3,"매장명: 커피********
소속 군집: Cluster 3
[강점 요약]
- 충성 고객 강점: 단골 고객 비중이 군집 평균보다 높습니다.
[개선 권장]
- 긴급 개선 항목이 확인되지 않았습니다."
26ACE594E8,0,"매장명: 플랏*********
소속 군집: Cluster 0
[강점 요약]
- 매출 호조: 최근 매출 등급이 군집 평균보다 높습니다.
[개선 권장]
- 긴급 개선 항목이 확인되지 않았습니다."
6B31815A9D,3,"매장명: 개인****************
소속 군집: Cluster 3
[강점 요약]
- 매출 호조: 최근 매출 등급이 군집 평균보다 높습니다.
[개선 권장]
- 긴급 개선 항목이 확인되지 않았습니다."
0CCC996EB3,3,"매장명: 커피******
소속 군집: Cluster 3
[강점 요약]
- 충성 고객 강점: 단골 고객 비중이 군집 평균보다 높습니다.
[개선 권장]
- 매출 둔화: 최근 매출 등급이 군집 평균보다 낮습니다. (단계: 심각)"
08A8D396B4,1,"매장명: 요커***********
소속 군집: Cluster 1
[강점 요약]
- 충성 고객 강점: 단골 고객 비중이 군집 평균보다 높습니다.
[개선 권장]
- 배달 채널 약점: 배달 채널 활용도가 낮습니다. (단계: 심각)
- 매출 둔화: 최근 매출 등급이 군집 평균보다 낮습니다. (단계: 관찰)"
8B0A9AC171,3,"매장명: 커피************
소속 군집: Cluster 3
[강점 요약]
- 신규 고객 유입 호조: 신규 고객 비중이 군집 평균보다 높습니다.
[개선 권장]
- 충성 고객 약화: 단골 고객 비중이 낮아 재방문 유도가 필요합니다. (단계: 주의)
- 매출 둔화: 최근 매출 등급이 군집 평균보다 낮습니다. (단계: 심각)"
C766BAD8FB,3,"매장명: 빽다*******
소속 군집: Cluster 3
[강점 요약]
- 충성 고객 강점: 단골 고객 비중이 군집 평균보다 높습니다.
- 배달 채널 강점: 배달 매출 비중이 군집 평균을 웃돌고 있습니다.
[개선 권장]
- 매출 둔화: 최근 매출 등급이 군집 평균보다 낮습니다. (단계: 심각)"
5E5092A910,0,"매장명: 소미*****
소속 군집: Cluster 0
[강점 요약]
- 배달 채널 강점: 배달 매출 비중이 군집 평균을 웃돌고 있습니다.
- 매출 호조: 최근 매출 등급이 군집 평균보다 높습니다.
[개선 권장]
- 충성 고객 약화: 단골 고객 비중이 낮아 재방문 유도가 필요합니다. (단계: 심각)"
4CE9DA1D26,1,"매장명: 백억*******
소속 군집: Cluster 1
[강점 요약]
- 배달 채널 강점: 배달 매출 비중이 군집 평균을 웃돌고 있습니다.
[개선 권장]
- 매출 둔화: 최근 매출 등급이 군집 평균보다 낮습니다. (단계: 심각)"
4261C5A667,3,"매장명: 하울**
소속 군집: Cluster 3
[강점 요약]
- 두드러진 강점이 확인되지 않았습니다.
[개선 권장]
- 충성 고객 약화: 단골 고객 비중이 낮아 재방문 유도가 필요합니다. (단계: 주의)"
E427B5E29F,0,"매장명: 뜨아******
소속 군집: Cluster 0
[강점 요약]
- 두드러진 강점이 확인되지 않았습니다.
[개선 권장]
- 충성 고객 약화: 단골 고객 비중이 낮아 재방문 유도가 필요합니다. (단계: 주의)
- 매출 둔화: 최근 매출 등급이 군집 평균보다 낮습니다. (단계: 심각)"
DD5C3290AF,3,"매장명: 이디******
소속 군집: Cluster 3
[강점 요약]
- 두드러진 강점이 확인되지 않았습니다.
[개선 권장]
- 매출 둔화: 최근 매출 등급이 군집 평균보다 낮습니다. (단계: 심각)"
655851E372,0,"매장명: nan
소속 군집: Cluster 0
[강점 요약]
- 매출 호조: 최근 매출 등급이 군집 평균보다 높습니다.
[개선 권장]
- 충성 고객 약화: 단골 고객 비중이 낮아 재방문 유도가 필요합니다. (단계: 주의)"
71C48EDE85,3,"매장명: 청계**
소속 군집: Cluster 3
[강점 요약]
- 충성 고객 강점: 단골 고객 비중이 군집 평균보다 높습니다.
[개선 권장]
- 긴급 개선 항목이 확인되지 않았습니다."
E71673016B,0,"매장명: 망고*
소속 군집: Cluster 0
[강점 요약]
- 배달 채널 강점: 배달 매출 비중이 군집 평균을 웃돌고 있습니다.
[개선 권장]
- 충성 고객 약화: 단골 고객 비중이 낮아 재방문 유도가 필요합니다. (단계: 관찰)
- 매출 둔화: 최근 매출 등급이 군집 평균보다 낮습니다. (단계: 관찰)"
1CC86C2EB2,0,"매장명: 창창**
소속 군집: Cluster 0
[강점 요약]
- 충성 고객 강점: 단골 고객 비중이 군집 평균보다 높습니다.
- 매출 호조: 최근 매출 등급이 군집 평균보다 높습니다.
[개선 권장]
- 긴급 개선 항목이 확인되지 않았습니다."
21373CB273,3,"매장명: 김종***
소속 군집: Cluster 3
[강점 요약]
- 두드러진 강점이 확인되지 않았습니다.
[개선 권장]
- 충성 고객 약화: 단골 고객 비중이 낮아 재방문 유도가 필요합니다. (단계: 관찰)"
9.97E+102,0,"매장명: 오루********
소속 군집: Cluster 0
[강점 요약]
- 배달 채널 강점: 배달 매출 비중이 군집 평균을 웃돌고 있습니다.
- 매출 호조: 최근 매출 등급이 군집 평균보다 높습니다.
[개선 권장]
- 긴급 개선 항목이 확인되지 않았습니다."
FCAF2BC53E,0,"매장명: 빽다******
소속 군집: Cluster 0
[강점 요약]
- 충성 고객 강점: 단골 고객 비중이 군집 평균보다 높습니다.
- 배달 채널 강점: 배달 매출 비중이 군집 평균을 웃돌고 있습니다.
[개선 권장]
- 매출 둔화: 최근 매출 등급이 군집 평균보다 낮습니다. (단계: 관찰)"
D3E9FFD90F,0,"매장명: 카페**
소속 군집: Cluster 0
[강점 요약]
- 충성 고객 강점: 단골 고객 비중이 군집 평균보다 높습니다.
- 매출 호조: 최근 매출 등급이 군집 평균보다 높습니다.
[개선 권장]
- 긴급 개선 항목이 확인되지 않았습니다."
133FADDC35,3,"매장명: 메가***********
소속 군집: Cluster 3
[강점 요약]
- 충성 고객 강점: 단골 고객 비중이 군집 평균보다 높습니다.
- 배달 채널 강점: 배달 매출 비중이 군집 평균을 웃돌고 있습니다.
[개선 권장]
- 매출 둔화: 최근 매출 등급이 군집 평균보다 낮습니다. (단계: 심각)"
A7BC78E695,0,"매장명: 바버******
소속 군집: Cluster 0
[강점 요약]
- 매출 호조: 최근 매출 등급이 군집 평균보다 높습니다.
[개선 권장]
- 충성 고객 약화: 단골 고객 비중이 낮아 재방문 유도가 필요합니다. (단계: 주의)
- 신규 고객 유입 부족: 신규 고객 비중이 낮으니 외부 노출과 프로모션을 검토하세요. (단계: 주의)"
7F5F0D0F33,0,"매장명: 더벤*********
소속 군집: Cluster 0
[강점 요약]
- 충성 고객 강점: 단골 고객 비중이 군집 평균보다 높습니다.
- 매출 호조: 최근 매출 등급이 군집 평균보다 높습니다.
[개선 권장]
- 긴급 개선 항목이 확인되지 않았습니다."
C6A7D1B09B,3,"매장명: 카페**
소속 군집: Cluster 3
[강점 요약]
- 매출 호조: 최근 매출 등급이 군집 평균보다 높습니다.
[개선 권장]
- 충성 고객 약화: 단골 고객 비중이 낮아 재방문 유도가 필요합니다. (단계: 관찰)"
E1FDBF2D4D,0,"매장명: 톤즈**
소속 군집: Cluster 0
[강점 요약]
- 두드러진 강점이 확인되지 않았습니다.
[개선 권장]
- 매출 둔화: 최근 매출 등급이 군집 평균보다 낮습니다. (단계: 관찰)"
225DC4C12C,3,"매장명: 카페***
소속 군집: Cluster 3
[강점 요약]
- 매출 호조: 최근 매출 등급이 군집 평균보다 높습니다.
[개선 권장]
- 긴급 개선 항목이 확인되지 않았습니다."
428FFBD76A,3,"매장명: 퓨엘**
소속 군집: Cluster 3
[강점 요약]
- 충성 고객 강점: 단골 고객 비중이 군집 평균보다 높습니다.
[개선 권장]
- 매출 둔화: 최근 매출 등급이 군집 평균보다 낮습니다. (단계: 심각)"
9DBBC0BC17,3,"매장명: 윌로**
소속 군집: Cluster 3
[강점 요약]
- 충성 고객 강점: 단골 고객 비중이 군집 평균보다 높습니다.
[개선 권장]
- 긴급 개선 항목이 확인되지 않았습니다."
9F7E6E0B21,1,"매장명: 샐러********
소속 군집: Cluster 1
[강점 요약]
- 충성 고객 강점: 단골 고객 비중이 군집 평균보다 높습니다.
- 배달 채널 강점: 배달 매출 비중이 군집 평균을 웃돌고 있습니다.
- 매출 호조: 최근 매출 등급이 군집 평균보다 높습니다.
[개선 권장]
- 긴급 개선 항목이 확인되지 않았습니다."
70F032FFD5,1,"매장명: nan
소속 군집: Cluster 1
[강점 요약]
- 충성 고객 강점: 단골 고객 비중이 군집 평균보다 높습니다.
- 배달 채널 강점: 배달 매출 비중이 군집 평균을 웃돌고 있습니다.
- 매출 호조: 최근 매출 등급이 군집 평균보다 높습니다.
[개선 권장]
- 신규 고객 유입 부족: 신규 고객 비중이 낮으니 외부 노출과 프로모션을 검토하세요. (단계: 관찰)"
7D48C168B3,0,"매장명: 모피*
소속 군집: Cluster 0
[강점 요약]
- 신규 고객 유입 호조: 신규 고객 비중이 군집 평균보다 높습니다.
[개선 권장]
- 충성 고객 약화: 단골 고객 비중이 낮아 재방문 유도가 필요합니다. (단계: 주의)
- 매출 둔화: 최근 매출 등급이 군집 평균보다 낮습니다. (단계: 심각)"
5BC9440DAF,2,"매장명: 그레******
소속 군집: Cluster 2
[강점 요약]
- 두드러진 강점이 확인되지 않았습니다.
[개선 권장]
- 충성 고객 약화: 단골 고객 비중이 낮아 재방문 유도가 필요합니다. (단계: 관찰)
- 신규 고객 유입 부족: 신규 고객 비중이 낮으니 외부 노출과 프로모션을 검토하세요. (단계: 주의)
- 매출 둔화: 최근 매출 등급이 군집 평균보다 낮습니다. (단계: 심각)"
036B3FD49B,3,"매장명: nan
소속 군집: Cluster 3
[강점 요약]
- 충성 고객 강점: 단골 고객 비중이 군집 평균보다 높습니다.
- 매출 호조: 최근 매출 등급이 군집 평균보다 높습니다.
[개선 권장]
- 신규 고객 유입 부족: 신규 고객 비중이 낮으니 외부 노출과 프로모션을 검토하세요. (단계: 관찰)"
0E614A7B1A,0,"매장명: 후*
소속 군집: Cluster 0
[강점 요약]
- 충성 고객 강점: 단골 고객 비중이 군집 평균보다 높습니다.
- 매출 호조: 최근 매출 등급이 군집 평균보다 높습니다.
[개선 권장]
- 긴급 개선 항목이 확인되지 않았습니다."
1D9B20B1B9,3,"매장명: 투썸*********
소속 군집: Cluster 3
[강점 요약]
- 두드러진 강점이 확인되지 않았습니다.
[개선 권장]
- 충성 고객 약화: 단골 고객 비중이 낮아 재방문 유도가 필요합니다. (단계: 관찰)
- 매출 둔화: 최근 매출 등급이 군집 평균보다 낮습니다. (단계: 심각)"
67BEA11D33,2,"매장명: 메가************
소속 군집: Cluster 2
[강점 요약]
- 충성 고객 강점: 단골 고객 비중이 군집 평균보다 높습니다.
[개선 권장]
- 신규 고객 유입 부족: 신규 고객 비중이 낮으니 외부 노출과 프로모션을 검토하세요. (단계: 심각)
- 매출 둔화: 최근 매출 등급이 군집 평균보다 낮습니다. (단계: 관찰)"
2143174547,1,"매장명: 슬로***
소속 군집: Cluster 1
[강점 요약]
- 배달 채널 강점: 배달 매출 비중이 군집 평균을 웃돌고 있습니다.
- 매출 호조: 최근 매출 등급이 군집 평균보다 높습니다.
[개선 권장]
- 긴급 개선 항목이 확인되지 않았습니다."
50FC72558D,3,"매장명: 카페***
소속 군집: Cluster 3
[강점 요약]
- 두드러진 강점이 확인되지 않았습니다.
[개선 권장]
- 긴급 개선 항목이 확인되지 않았습니다."
2F190FBDCA,0,"매장명: 쉭앤****
소속 군집: Cluster 0
[강점 요약]
- 충성 고객 강점: 단골 고객 비중이 군집 평균보다 높습니다.
[개선 권장]
- 매출 둔화: 최근 매출 등급이 군집 평균보다 낮습니다. (단계: 관찰)"
F2A06B9694,3,"매장명: 이디*************
소속 군집: Cluster 3
[강점 요약]
- 두드러진 강점이 확인되지 않았습니다.
[개선 권장]
- 매출 둔화: 최근 매출 등급이 군집 평균보다 낮습니다. (단계: 심각)"
E58F84D462,3,"매장명: 소적*****
소속 군집: Cluster 3
[강점 요약]
- 매출 호조: 최근 매출 등급이 군집 평균보다 높습니다.
[개선 권장]
- 충성 고객 약화: 단골 고객 비중이 낮아 재방문 유도가 필요합니다. (단계: 주의)"
58B1DEEE5D,1,"매장명: 럼프**************
소속 군집: Cluster 1
[강점 요약]
- 매출 호조: 최근 매출 등급이 군집 평균보다 높습니다.
[개선 권장]
- 긴급 개선 항목이 확인되지 않았습니다."
029F2B4A59,0,"매장명: 로우*
소속 군집: Cluster 0
[강점 요약]
- 매출 호조: 최근 매출 등급이 군집 평균보다 높습니다.
[개선 권장]
- 긴급 개선 항목이 확인되지 않았습니다."
8BFDD0339E,3,"매장명: 카페*******
소속 군집: Cluster 3
[강점 요약]
- 충성 고객 강점: 단골 고객 비중이 군집 평균보다 높습니다.
- 매출 호조: 최근 매출 등급이 군집 평균보다 높습니다.
[개선 권장]
- 긴급 개선 항목이 확인되지 않았습니다."
3FE023E09E,3,"매장명: 브레***************
소속 군집: Cluster 3
[강점 요약]
- 매출 호조: 최근 매출 등급이 군집 평균보다 높습니다.
[개선 권장]
- 긴급 개선 항목이 확인되지 않았습니다."
652AA8E8C5,0,"매장명: 유스*************
소속 군집: Cluster 0
[강점 요약]
- 매출 호조: 최근 매출 등급이 군집 평균보다 높습니다.
[개선 권장]
- 충성 고객 약화: 단골 고객 비중이 낮아 재방문 유도가 필요합니다. (단계: 관찰)"
A5DC44A844,3,"매장명: 희망****
소속 군집: Cluster 3
[강점 요약]
- 매출 호조: 최근 매출 등급이 군집 평균보다 높습니다.
[개선 권장]
- 충성 고객 약화: 단골 고객 비중이 낮아 재방문 유도가 필요합니다. (단계: 심각)"
1FAF18BB8F,1,"매장명: nan
소속 군집: Cluster 1
[강점 요약]
- 배달 채널 강점: 배달 매출 비중이 군집 평균을 웃돌고 있습니다.
- 매출 호조: 최근 매출 등급이 군집 평균보다 높습니다.
[개선 권장]
- 신규 고객 유입 부족: 신규 고객 비중이 낮으니 외부 노출과 프로모션을 검토하세요. (단계: 주의)"
C7B69482A3,3,"매장명: 스텀********
소속 군집: Cluster 3
[강점 요약]
- 충성 고객 강점: 단골 고객 비중이 군집 평균보다 높습니다.
[개선 권장]
- 매출 둔화: 최근 매출 등급이 군집 평균보다 낮습니다. (단계: 심각)"
B1A685CB2A,0,"매장명: 랭스*********
소속 군집: Cluster 0
[강점 요약]
- 충성 고객 강점: 단골 고객 비중이 군집 평균보다 높습니다.
- 신규 고객 유입 호조: 신규 고객 비중이 군집 평균보다 높습니다.
- 매출 호조: 최근 매출 등급이 군집 평균보다 높습니다.
[개선 권장]
- 긴급 개선 항목이 확인되지 않았습니다."
BF872A7E89,0,"매장명: 매머**************
소속 군집: Cluster 0
[강점 요약]
- 충성 고객 강점: 단골 고객 비중이 군집 평균보다 높습니다.
- 매출 호조: 최근 매출 등급이 군집 평균보다 높습니다.
[개선 권장]
- 긴급 개선 항목이 확인되지 않았습니다."
2E5E8F46A2,3,"매장명: 커피****************
소속 군집: Cluster 3
[강점 요약]
- 매출 호조: 최근 매출 등급이 군집 평균보다 높습니다.
[개선 권장]
- 긴급 개선 항목이 확인되지 않았습니다."
693A6576E9,0,"매장명: 매머**************
소속 군집: Cluster 0
[강점 요약]
- 충성 고객 강점: 단골 고객 비중이 군집 평균보다 높습니다.
[개선 권장]
- 매출 둔화: 최근 매출 등급이 군집 평균보다 낮습니다. (단계: 관찰)"
FCAF3BA597,0,"매장명: 레이***
소속 군집: Cluster 0
[강점 요약]
- 매출 호조: 최근 매출 등급이 군집 평균보다 높습니다.
[개선 권장]
- 충성 고객 약화: 단골 고객 비중이 낮아 재방문 유도가 필요합니다. (단계: 주의)"
F4BEB03DA2,0,"매장명: 어피*****
소속 군집: Cluster 0
[강점 요약]
- 두드러진 강점이 확인되지 않았습니다.
[개선 권장]
- 매출 둔화: 최근 매출 등급이 군집 평균보다 낮습니다. (단계: 관찰)"
